ID,Name,IP,HR,BB,K,HR/9,BB/9,K/9
15035,Gene Wills,225.0,13,64,145,0.5,2.6,5.8
15969,Peter Dalton,200.2,17,42,102,0.8,1.9,4.6
15794,Juan Valencia,183.1,19,62,106,0.9,3.0,5.2
15022,John Turpin,181.2,13,75,138,0.6,3.7,6.8
14477,Zivojin Stanovcic,181.1,9,72,149,0.4,3.6,7.4
15651,Seung-kab Kim,180.0,18,48,89,0.9,2.4,4.5
16483,Nelis Meijers,179.2,16,57,124,0.8,2.9,6.2
15967,Herbert Duff,178.2,9,59,106,0.5,3.0,5.3
14621,Kun-woo Kim,178.1,14,40,113,0.7,2.0,5.7
15101,Ian Löwisohn,172.1,14,42,130,0.7,2.2,6.8
15577,Tye Gladstone,171.2,15,56,118,0.8,2.9,6.2
16504,Victor Saucedo,167.1,16,57,97,0.9,3.1,5.2
15818,Jason Waller,162.2,19,69,81,1.1,3.8,4.5
16515,Qasim bin Salih,161.2,13,48,59,0.7,2.7,3.3
15073,Salvatore Lopez,161.1,10,43,91,0.6,2.4,5.1
14226,Dave Kinch,157.0,14,56,83,0.8,3.2,4.8
14312,Mario Martinez,156.2,5,34,104,0.3,2.0,6.0
15085,Richard Cross,154.1,9,57,85,0.5,3.3,5.0
15633,Milos Peric,153.2,11,57,96,0.6,3.3,5.6
15606,Paul Schwab,153.1,19,65,102,1.1,3.8,6.0
15649,Jang-jin Kang,153.0,21,52,93,1.2,3.1,5.5
15947,Masaya Moutosa,152.1,16,60,89,0.9,3.5,5.3
15554,Bill Dominguez,151.2,10,51,114,0.6,3.0,6.8
16027,Henry Mackay,151.2,19,49,83,1.1,2.9,4.9
14370,Devin Weicker,151.1,12,50,83,0.7,3.0,4.9
15581,Tameo Iwata,148.1,17,75,75,1.0,4.6,4.6
13891,Sang-chul Oh,147.2,15,45,110,0.9,2.7,6.7
15478,Ilija Celebic,147.0,10,57,86,0.6,3.5,5.3
15038,Marino Lanfranchi,147.0,11,57,104,0.7,3.5,6.4
16145,Chris Castillo,146.2,17,73,122,1.0,4.5,7.5
15066,Ramon Velarde,146.2,11,56,77,0.7,3.4,4.7
14507,Edgar Reyes,145.0,10,65,93,0.6,4.0,5.8
15126,Kenyu Nakamoto,144.0,14,43,92,0.9,2.7,5.8
16384,Francisco Jiminez,143.2,13,39,75,0.8,2.4,4.7
14452,Felipe Parra,143.1,21,55,92,1.3,3.5,5.8
14609,Avicenna bin Ma'n,143.0,5,23,108,0.3,1.4,6.8
14192,Felipe Vooijs,142.2,11,30,110,0.7,1.9,6.9
14041,Pedro Castrillo,142.1,13,50,63,0.8,3.2,4.0
14887,Joe Leahy,139.2,21,56,64,1.4,3.6,4.1
15496,Terence Remkes,138.2,12,56,105,0.8,3.6,6.8
15086,Mason Kent,137.2,14,40,91,0.9,2.6,5.9
16199,Kazuo Kobayashi,136.2,7,41,71,0.5,2.7,4.7
15058,Adam Bennetts,136.0,15,44,90,1.0,2.9,6.0
16707,Bailey Cleaver,136.0,7,48,64,0.5,3.2,4.2
15062,Il-kyun Lee,135.2,15,52,67,1.0,3.4,4.4
14598,Dan Dicks,135.0,6,41,86,0.4,2.7,5.7
15573,Akeno Kudo,133.2,14,43,113,0.9,2.9,7.6
15634,Niko Perisic,133.2,7,63,69,0.5,4.2,4.6
13944,Mendel Steenbergen,133.1,14,60,82,0.9,4.0,5.5
14558,Tomas Steger,133.0,14,52,68,0.9,3.5,4.6
14613,Alberto Reyes,130.2,21,51,88,1.4,3.5,6.1
15075,Kun-woo Kim,129.2,7,54,74,0.5,3.7,5.1
15063,Paul Martinez,129.2,14,41,93,1.0,2.8,6.5
15598,Jonathan Rodriguez,129.0,16,57,82,1.1,4.0,5.7
14495,Kelby Haggart,128.1,15,51,71,1.1,3.6,5.0
15587,Xadreque Azeitado,127.1,12,38,78,0.8,2.7,5.5
15640,Ethan Bastien,125.0,0,23,86,0.0,1.7,6.2
14556,John Solis,125.0,11,48,79,0.8,3.5,5.7
15770,Robert Muir,124.1,19,46,86,1.4,3.3,6.2
15654,Bryson Zinck,124.1,29,40,75,2.1,2.9,5.4
14566,Cody James,124.0,11,74,88,0.8,5.4,6.4
13319,Alan Green,123.1,8,30,97,0.6,2.2,7.1
15909,Simeone Marcucci,123.0,14,43,65,1.0,3.1,4.8
16725,Takashi Akutagawa,122.2,18,46,41,1.3,3.4,3.0
14112,Jerry Marquez,122.1,18,45,89,1.3,3.3,6.5
14498,Peyton Reichert,121.2,10,42,76,0.7,3.1,5.6
15492,Gabe Figueroa,119.0,19,51,58,1.4,3.9,4.4
13896,Ricky Rivera,118.2,17,31,72,1.3,2.4,5.5
14545,Joe Tinter,117.2,19,40,53,1.5,3.1,4.1
14102,Teruyuki Takamoto,115.1,7,25,80,0.5,2.0,6.2
15590,Isami Morioka,113.2,13,62,65,1.0,4.9,5.1
14986,Elton Griffiths,113.1,8,52,58,0.6,4.1,4.6
15045,Pacu Curuvija,112.0,15,35,57,1.2,2.8,4.6
15037,Bong-hwan Park,110.0,4,41,71,0.3,3.4,5.8
15076,Dave MacDonald,109.1,18,41,57,1.5,3.4,4.7
16392,Antonio Sénéchal,109.1,7,39,85,0.6,3.2,7.0
14593,Kunifusa Yokoyama,109.1,12,30,62,1.0,2.5,5.1
16893,Yukiyoshi Yoshimura,108.1,11,31,58,0.9,2.6,4.8
14175,Luis Cruz,107.0,13,58,67,1.1,4.9,5.6
15117,Jose Sanchez,106.2,13,44,30,1.1,3.7,2.5
14532,Aldred Huisman,106.0,6,26,48,0.5,2.2,4.1
15039,David Foreman,103.0,6,36,44,0.5,3.1,3.8
15755,Jesus Rojo,102.0,8,25,49,0.7,2.2,4.3
13800,Jon Gallegos,101.0,9,39,61,0.8,3.5,5.4
14347,Sung-jae Kim,100.1,10,61,71,0.9,5.5,6.4
14581,Hwi-gon Kim,98.1,7,37,75,0.6,3.4,6.9
15614,Fumio Suzuki,97.0,10,47,54,0.9,4.4,5.0
17207,Joe Hardwick,96.2,7,40,32,0.7,3.7,3.0
15036,Josh Looney,96.2,12,33,61,1.1,3.1,5.7
15026,Umayr Salah al Din,94.0,5,35,56,0.5,3.4,5.4
15093,Alex Garcia,93.2,14,30,41,1.3,2.9,3.9
15143,Jesus Olivas,93.1,14,30,57,1.4,2.9,5.5
15114,Michael Hopkins,92.0,17,37,67,1.7,3.6,6.6
14965,Lloyd Gould,89.1,15,49,57,1.5,4.9,5.7
15767,Nelis Steunebrink,88.1,4,35,54,0.4,3.6,5.5
13929,Rafael Garcia,88.0,4,21,73,0.4,2.1,7.5
14301,Antony Manton,87.2,2,46,63,0.2,4.7,6.5
15592,James Phipps,87.2,4,18,56,0.4,1.8,5.7
14694,Munsif bin Nasir al Din,87.1,6,37,43,0.6,3.8,4.4
15490,Hwi-jeung Kim,86.1,7,32,51,0.7,3.3,5.3
13974,Wes Piper,85.2,7,24,71,0.7,2.5,7.5
15031,Jan Holmberg,85.1,6,31,58,0.6,3.3,6.1
13711,Cruz Gamez,84.1,5,13,55,0.5,1.4,5.9
15900,Harry de Bruijn,83.2,8,43,59,0.9,4.6,6.3
13770,Milojica Ostrozinska,83.2,2,36,55,0.2,3.9,5.9
15798,Gadiel bin Jaleel,83.1,12,41,41,1.3,4.4,4.4
13904,Mick Adams,82.2,6,21,50,0.7,2.3,5.4
15631,Flavio Sanguinetti,82.0,3,22,56,0.3,2.4,6.1
13756,Santiago Herrera,81.2,11,57,40,1.2,6.3,4.4
15582,Willie Garcia,81.0,13,20,52,1.4,2.2,5.8
16637,Hyung-woo Kim,80.2,11,24,43,1.2,2.7,4.8
14402,Bob Blythe,80.0,8,44,59,0.9,5.0,6.6
13870,Ismael Molina,80.0,5,30,41,0.6,3.4,4.6
14395,Pippo Borromeo,79.1,4,39,49,0.5,4.4,5.6
14441,Livio Ciaravella,79.1,4,23,53,0.5,2.6,6.0
15336,King Louis,78.1,11,28,32,1.3,3.2,3.7
13875,Mike Pierson,78.1,4,21,53,0.5,2.4,6.1
14597,Bernie Hernandez,77.2,10,30,58,1.2,3.5,6.7
15611,Wouter Goor,77.0,3,25,46,0.4,2.9,5.4
15330,Suljo Danicic,76.2,3,13,40,0.4,1.5,4.7
15610,Jake Moncrief,76.2,3,25,60,0.4,2.9,7.0
14289,Jae-keol Kim,76.1,4,27,51,0.5,3.2,6.0
15198,Fernando Hernandez,75.2,3,7,52,0.4,0.8,6.2
14216,Lucan Ferraris,74.2,6,25,46,0.7,3.0,5.5
14944,Djoka Pesa,74.2,4,19,39,0.5,2.3,4.7
14109,Joon-ho Kim,74.1,7,33,48,0.8,4.0,5.8
14022,Borenko Grol,74.0,3,28,60,0.4,3.4,7.3
14577,Bill Barbara,73.0,6,25,47,0.7,3.1,5.8
15261,Steven Beach,72.2,10,35,34,1.2,4.3,4.2
15547,Onne de Wit,72.2,12,27,20,1.5,3.3,2.5
16646,Steve Gallizio,72.2,7,25,42,0.9,3.1,5.2
12453,ASIM BABIC,72.0,7,27,50,0.9,3.4,6.2
14491,Bill Brewster,72.0,6,16,52,0.8,2.0,6.5
15175,Tim Howling,71.2,10,30,38,1.3,3.8,4.8
14966,Victor Arenos,71.1,5,29,53,0.6,3.7,6.7
15813,Ryan Richard,71.1,2,23,58,0.3,2.9,7.3
14358,Cherles Lobo,70.1,7,39,58,0.9,5.0,7.4
15172,Silvio Ghezzi,68.1,5,35,43,0.7,4.6,5.7
14167,Juan Carmona,67.1,7,28,40,0.9,3.7,5.3
14884,Joey de Vos,67.1,4,31,53,0.5,4.1,7.1
16817,Murat Vasiljevic,67.0,8,26,45,1.1,3.5,6.0
16500,Djoka Pasic,66.2,12,28,35,1.6,3.8,4.7
15772,Brad Burnett,66.0,9,30,56,1.2,4.1,7.6
14618,Les Almond,65.2,12,36,38,1.6,4.9,5.2
14669,Jorge Garcia,65.2,7,44,43,1.0,6.0,5.9
15551,Jacques Bonnet,65.0,7,30,39,1.0,4.2,5.4
15961,Carl Spackler,64.1,7,25,25,1.0,3.5,3.5
16596,Alex Vasquez,64.1,5,26,27,0.7,3.6,3.8
13994,Juan Medellin,63.2,9,21,47,1.3,3.0,6.6
15240,Ray Fell,63.0,3,18,48,0.4,2.6,6.9
14746,Danny Pacheco,63.0,8,21,47,1.1,3.0,6.7
14035,Willie Carrola,62.0,3,43,38,0.4,6.2,5.5
14520,Andy Spicer,62.0,6,38,41,0.9,5.5,6.0
13838,Ignacio Gamez,61.2,7,23,44,1.0,3.4,6.4
14432,Omar Martinez,61.2,9,15,49,1.3,2.2,7.2
13767,Gilbert Waterman,61.2,5,30,39,0.7,4.4,5.7
14315,Ciaran Munro,61.1,11,25,33,1.6,3.7,4.8
15071,Frans Spanjaard,61.1,6,18,43,0.9,2.6,6.3
14921,Min-kyu Ahn,61.0,14,48,40,2.1,7.1,5.9
16849,Daryl Egan,60.2,2,16,56,0.3,2.4,8.3
14360,Roberto Fujii,60.2,1,22,36,0.1,3.3,5.3
15401,Tonny Hage,60.2,8,13,41,1.2,1.9,6.1
15638,Brad Hall,60.0,8,23,38,1.2,3.5,5.7
15647,Bill Wise,59.0,4,26,39,0.6,4.0,5.9
13353,Steve Alexander,58.2,4,34,36,0.6,5.2,5.5
14675,Reuben Bennis,58.1,2,12,29,0.3,1.9,4.5
15225,Maimun bin Asif,57.2,1,18,34,0.2,2.8,5.3
14459,Justin Cosgrove,57.2,4,21,34,0.6,3.3,5.3
14413,Luis Ruiz,57.2,4,14,53,0.6,2.2,8.3
14690,Willie de Leon,57.0,7,31,30,1.1,4.9,4.7
16076,Mike Salvador,57.0,5,25,27,0.8,3.9,4.3
15499,Pablo Mata,56.2,5,20,20,0.8,3.2,3.2
14464,Tsutomu Morimoto,56.2,3,18,42,0.5,2.9,6.7
15207,Jonathan Berrios,56.0,7,27,37,1.1,4.3,5.9
15817,Josh Sullivan,56.0,7,28,39,1.1,4.5,6.3
14782,Malcolm van der Poel,56.0,5,15,31,0.8,2.4,5.0
16385,Dean Wheeler,55.0,4,22,24,0.7,3.6,3.9
14484,Giacomo Bianchi,54.1,6,14,45,1.0,2.3,7.5
13584,Jin-hoe Kim,54.1,2,3,41,0.3,0.5,6.8
14635,Douglas Plug,54.1,4,33,28,0.7,5.5,4.6
15430,Dong-hwan Jeon,54.0,8,17,36,1.3,2.8,6.0
14544,Martin Hanlon,53.0,4,36,29,0.7,6.1,4.9
16841,Arturo Alvarado,52.2,2,27,30,0.3,4.6,5.1
15021,Mike Knight,52.2,6,15,43,1.0,2.6,7.3
15103,Kyle Gamblin,52.0,5,14,32,0.9,2.4,5.5
14727,Jesus Garza,52.0,8,17,36,1.4,2.9,6.2
15159,Nebosja Zecevic,52.0,5,15,9,0.9,2.6,1.6
16091,Jin-ho Kim,51.1,2,20,20,0.4,3.5,3.5
13958,Belarmino Mrtires,51.1,5,25,39,0.9,4.4,6.8
14346,Ljuba Drulovic,51.0,6,18,41,1.1,3.2,7.2
14709,Ata Yushua,51.0,0,14,31,0.0,2.5,5.5
16376,Charles Oakes,50.2,7,31,26,1.2,5.5,4.6
14095,Conrad Houwers,50.0,4,21,28,0.7,3.8,5.0
16002,Armando Serna,50.0,6,24,23,1.1,4.3,4.1
14357,Seung-hwa Jang,49.2,4,33,36,0.7,6.0,6.5
14339,Vuk Milkovic,49.2,7,26,28,1.3,4.7,5.1
14393,Emilio Ramirez,49.1,1,15,41,0.2,2.7,7.5
13964,Pete Brenna,49.0,9,16,37,1.7,2.9,6.8
13892,Hiroya Tanigawa,49.0,4,17,32,0.7,3.1,5.9
14552,Johnathon Potter,48.2,11,13,33,2.0,2.4,6.1
15048,Kurt Tobin,48.2,5,26,33,0.9,4.8,6.1
14421,Ugo Ulleri,48.0,1,20,35,0.2,3.8,6.6
14737,Melchiore Dabell,47.1,6,23,27,1.1,4.4,5.1
16629,Jose Mier,47.1,2,16,31,0.4,3.0,5.9
14595,Ryan van Kampen,47.1,11,20,32,2.1,3.8,6.1
14744,Slobodan Solevic,47.0,2,26,28,0.4,5.0,5.4
15958,Abdul-Jabbar bin Harun,46.2,7,14,34,1.4,2.7,6.6
14584,Tiziano Fantini,46.2,4,13,36,0.8,2.5,6.9
14549,Ryan Friedrich,46.2,4,17,23,0.8,3.3,4.4
13023,Riley Mitchell,46.2,5,24,37,1.0,4.6,7.1
17184,Murtadhy Sameer,46.2,3,21,26,0.6,4.0,5.0
14179,Tony Diaz,46.1,0,14,28,0.0,2.7,5.4
14480,Alfie Duke,46.1,6,19,25,1.2,3.7,4.9
15423,Vittoriano Macaluso,46.1,4,15,33,0.8,2.9,6.4
15989,Danny Girard,46.0,2,33,26,0.4,6.5,5.1
15461,Victor Groeneveld,46.0,2,27,31,0.4,5.3,6.1
14622,Dong-choon Shin,45.2,3,24,28,0.6,4.7,5.5
14557,Greg West,45.2,2,16,32,0.4,3.2,6.3
15916,Mitchell Kimpton,45.1,9,9,15,1.8,1.8,3.0
14687,David Ramirez,45.0,3,25,28,0.6,5.0,5.6
14189,Bryan Moseley,44.2,2,21,40,0.4,4.2,8.1
15810,Richard Abadee,44.1,5,19,18,1.0,3.9,3.7
13804,Jamie Reynolds,44.0,6,11,31,1.2,2.2,6.3
15552,Trevor Brandsen,43.2,7,8,24,1.4,1.6,4.9
16583,Jonathan Chavarria,43.2,5,15,29,1.0,3.1,6.0
14989,Graeme Hemingway,43.2,4,41,25,0.8,8.5,5.2
13341,Donny Hoogland,43.2,2,14,36,0.4,2.9,7.4
15011,John Littlewood,43.2,4,8,38,0.8,1.6,7.8
16210,Tommy McQuinn,43.2,2,14,46,0.4,2.9,9.5
15084,Ted Zablocki,43.2,4,13,29,0.8,2.7,6.0
14647,Sanho Belino,43.1,5,19,32,1.0,3.9,6.6
14803,Benno Geiberger,43.1,6,25,21,1.2,5.2,4.4
14907,Gabriel Jaramillo,43.1,4,13,25,0.8,2.7,5.2
14018,Henry Loudon,43.1,9,10,37,1.9,2.1,7.7
13105,Draza Moljevic,43.1,8,15,33,1.7,3.1,6.9
14487,Ed Rowsell,43.1,3,8,33,0.6,1.7,6.9
14536,Tim Renfroe,42.1,3,27,26,0.6,5.7,5.5
14640,Roger Taggart,42.1,2,20,30,0.4,4.3,6.4
14120,Min-soo Kim,41.2,8,24,35,1.7,5.2,7.6
16200,Otton van der Horst,41.2,3,13,24,0.6,2.8,5.2
14136,Arturo Posada,41.1,3,8,23,0.7,1.7,5.0
14770,Terry Brown,41.0,6,11,27,1.3,2.4,5.9
14127,Ostoja Cubrilovic,41.0,1,17,24,0.2,3.7,5.3
14515,Sean Dial,41.0,4,19,25,0.9,4.2,5.5
15984,Alfredo Marin,41.0,5,25,23,1.1,5.5,5.0
14583,Melorran Bennett,40.1,3,13,32,0.7,2.9,7.1
14410,Carlos Guerrero,40.1,1,13,25,0.2,2.9,5.6
14494,Aurélio Menelau,40.0,2,16,32,0.5,3.6,7.2
14185,Belchior Werneck,40.0,2,20,36,0.5,4.5,8.1
15917,Katsuhito Doi,39.2,0,22,17,0.0,5.0,3.9
14778,Gus Luna,39.1,10,27,19,2.3,6.2,4.3
15566,Jaime Porras,39.1,1,9,22,0.2,2.1,5.0
14082,Len Carrier,39.0,3,7,27,0.7,1.6,6.2
15156,Will Wicks,39.0,3,15,17,0.7,3.5,3.9
13689,Mike Pardo,38.2,3,9,27,0.7,2.1,6.3
15165,Jamie Cormack,38.1,4,18,12,0.9,4.2,2.8
15268,Vasa Petrovic,38.1,5,20,21,1.2,4.7,4.9
14615,Kunihiro Kubota,37.2,3,20,19,0.7,4.8,4.5
14340,Carlos Marriott,37.2,3,21,27,0.7,5.0,6.5
14950,Nazih bin Khaldun,36.0,4,12,16,1.0,3.0,4.0
14663,Tetsuto Ichikawa,36.0,1,14,23,0.2,3.5,5.8
14090,AntoÕio Takahashi,36.0,5,14,30,1.2,3.5,7.5
14178,Antar Sadaqat,35.1,2,9,26,0.5,2.3,6.6
14716,Sandoval So Romo,35.1,6,15,20,1.5,3.8,5.1
14799,Isaias Garcia,35.0,2,17,23,0.5,4.4,5.9
15807,Brad McLennan,35.0,5,14,24,1.3,3.6,6.2
14345,Felipe Britschgi,34.0,4,7,20,1.1,1.9,5.3
13947,Martin Newbold,34.0,4,12,23,1.1,3.2,6.1
14781,Brad Hart,33.2,3,14,18,0.8,3.7,4.8
14990,Dong-min Lee,33.2,6,17,29,1.6,4.5,7.8
13538,Hamid Zuhayr,33.1,3,16,24,0.8,4.3,6.5
14021,Hyun-il Choi,33.0,3,9,21,0.8,2.5,5.7
15804,Valentin Lobatos,33.0,2,3,18,0.5,0.8,4.9
13333,Habbo van Rooijen,33.0,2,9,26,0.5,2.5,7.1
14434,Paul Kean,32.0,5,12,17,1.4,3.4,4.8
13978,Zion Benford,31.2,5,17,22,1.4,4.8,6.3
15812,Jim Chavarri,31.2,6,6,23,1.7,1.7,6.5
15334,Maurice Devereux,31.2,5,23,26,1.4,6.5,7.4
15275,Humam bin Harun,31.1,4,12,20,1.1,3.4,5.7
14754,Harry Fowlow,31.0,3,22,7,0.9,6.4,2.0
15204,Niko Jokanovic,31.0,4,17,13,1.2,4.9,3.8
15095,Brad Hash,30.2,5,22,17,1.5,6.5,5.0
13049,Tony Vasques,30.2,5,11,17,1.5,3.2,5.0
13989,Gerard Peacock,30.1,0,3,20,0.0,0.9,5.9
14084,Herman Takens,30.1,4,19,19,1.2,5.6,5.6
14602,Ubadah bin Khaldun,30.0,4,7,18,1.2,2.1,5.4
15013,Ian Martin,30.0,5,16,18,1.5,4.8,5.4
16079,Morgan O'Neill,30.0,2,23,25,0.6,6.9,7.5
13524,Danny Medellin,29.2,4,15,22,1.2,4.6,6.7
14319,Bruno Yamamoto,29.1,4,15,12,1.2,4.6,3.7
14630,Vic Tibbles,28.2,1,22,20,0.3,6.9,6.3
14332,Ratko Radosavijevic,28.1,1,11,19,0.3,3.5,6.0
16207,Dante Vercesi,28.1,2,9,14,0.6,2.9,4.4
13763,David Flores,28.0,2,7,24,0.6,2.2,7.7
13762,Naomichi Yamada,28.0,2,4,25,0.6,1.3,8.0
15027,Abdul-Qahhar Imad al Din,27.2,2,11,15,0.7,3.6,4.9
14946,Ernesto Sacco,27.2,2,9,14,0.7,2.9,4.6
15315,Pieroantonio Baronti,27.1,4,10,19,1.3,3.3,6.3
15097,Nikola Ralevic,27.1,1,14,14,0.3,4.6,4.6
15481,Faruq Asadel,27.0,2,17,11,0.7,5.7,3.7
13578,Martin Brulhart,27.0,7,13,21,2.3,4.3,7.0
14493,Jerry Medina,27.0,7,10,15,2.3,3.3,5.0
15098,Gus Tippett,27.0,1,10,20,0.3,3.3,6.7
16209,Ijsbrand van den Broek,27.0,3,8,18,1.0,2.7,6.0
14748,Otte van Ingen,27.0,0,8,14,0.0,2.7,4.7
13971,Efrain Ramirez,26.2,4,7,21,1.3,2.4,7.1
14546,Oscar Attard,26.1,3,17,16,1.0,5.8,5.5
14582,Kieron Whalley,26.1,2,6,10,0.7,2.1,3.4
14839,Luther Street,26.0,2,11,23,0.7,3.8,8.0
14472,Laurente Dorso,25.2,1,10,16,0.4,3.5,5.6
14807,Damian Dowling,25.2,2,5,20,0.7,1.8,7.0
14037,Jesus Flores,25.2,2,15,23,0.7,5.3,8.1
15525,Omar Vasquez,25.2,1,13,14,0.4,4.6,4.9
14908,Rudjer Djurdjuvic,25.1,2,17,26,0.7,6.0,9.2
15657,Abdel Shafiq,25.0,0,5,20,0.0,1.8,7.2
13320,Jafar Hanif,24.2,4,6,16,1.5,2.2,5.8
14780,Ljuba Karadzic,24.1,4,17,19,1.5,6.3,7.0
13946,Josef Norder,24.1,3,12,14,1.1,4.4,5.2
17273,Bill Hernandez,24.0,1,6,15,0.4,2.2,5.6
15080,John Atkinson,23.2,2,12,15,0.8,4.6,5.7
14309,George Jackson,23.2,0,2,17,0.0,0.8,6.5
14297,Hee-ho Kim,23.1,1,11,13,0.4,4.2,5.0
15936,Carlos Ramirez,23.1,0,9,15,0.0,3.5,5.8
16214,Matt Winter,23.0,4,9,21,1.6,3.5,8.2
14796,Gertrudes Cruz,22.0,0,17,14,0.0,7.0,5.7
14238,Joey Foster,22.0,1,8,14,0.4,3.3,5.7
13879,Jafar Humam,22.0,3,2,16,1.2,0.8,6.5
15246,Rade Mandaric,22.0,4,7,13,1.6,2.9,5.3
14079,Safwan Fawwaz,21.2,1,3,8,0.4,1.2,3.3
15269,Arwarh Fatin,21.1,2,15,6,0.8,6.3,2.5
13886,Marcel Mazzolani,21.1,2,7,19,0.8,3.0,8.0
14916,Hayden Pringle,21.1,2,6,8,0.8,2.5,3.4
14469,Taro Yoshioka,21.1,4,11,20,1.7,4.6,8.4
15532,Kinya Morita,21.0,4,5,10,1.7,2.1,4.3
15092,Walter Howell,20.2,0,9,7,0.0,3.9,3.0
15061,Arend Struik,20.2,1,8,3,0.4,3.5,1.3
13847,Yeong-sam Lee,19.2,2,10,13,0.9,4.6,5.9
13369,Tom Pelley,19.0,1,5,11,0.5,2.4,5.2
15274,Sung-min Kim,18.0,3,10,10,1.5,5.0,5.0
13898,Shafeeq bin Rafi,17.2,3,8,10,1.5,4.1,5.1
13364,Ray Deckers,17.0,0,7,14,0.0,3.7,7.4
14169,Hussein Dharr,17.0,3,2,15,1.6,1.1,7.9
14483,Desidério Gondar,17.0,2,11,9,1.1,5.8,4.8
14371,Juan Morales,16.2,2,5,13,1.1,2.7,7.0
14383,Anthony Oliver,16.2,0,13,5,0.0,7.0,2.7
15655,Abdul-Karim Fadil,16.1,0,3,14,0.0,1.7,7.7
16052,Kyoichi Kobayashi,16.0,1,4,9,0.6,2.2,5.1
15441,Yeong-kil Shin,16.0,2,13,9,1.1,7.3,5.1
14649,Santiago Diaz,15.2,0,1,9,0.0,0.6,5.2
14353,Frank Carrasco,15.1,6,5,7,3.5,2.9,4.1
14555,Tim Knapp,15.1,3,7,12,1.8,4.1,7.0
14182,Israel Franco,15.0,1,3,8,0.6,1.8,4.8
14973,Eddie Gallardo,15.0,2,2,3,1.2,1.2,1.8
14001,Srdjan Mihajlovic,15.0,2,5,9,1.2,3.0,5.4
14958,Bobby Chavez,14.2,3,16,4,1.8,9.8,2.5
14831,Aidan Wilkes,14.2,2,10,15,1.2,6.1,9.2
14715,Ron Bateman,14.1,1,6,13,0.6,3.8,8.2
14892,Miguel Charro,14.1,0,6,9,0.0,3.8,5.7
13897,Bobby Rock,14.1,0,4,7,0.0,2.5,4.4
14457,Robert DeNeve,14.0,0,3,10,0.0,1.9,6.4
13103,Allen Dunbar,14.0,0,7,8,0.0,4.5,5.1
14710,Ken van Brakel,13.2,1,12,8,0.7,7.9,5.3
15131,Ron Barlow,13.1,3,7,9,2.0,4.7,6.1
15146,Patrick Guillot,13.0,2,9,4,1.4,6.2,2.8
15279,Brian Leijs,13.0,4,3,7,2.8,2.1,4.8
14278,Hughie Miller,13.0,3,8,11,2.1,5.5,7.6
13401,Giovanni Canalo,12.2,0,4,8,0.0,2.8,5.7
14823,Zayd Fakhiri,12.1,3,7,9,2.2,5.1,6.6
14198,Lenny McCaffrey,12.1,2,12,8,1.5,8.8,5.8
15152,Alex Silva,12.1,3,13,8,2.2,9.5,5.8
14895,Luis Bustos,12.0,0,4,5,0.0,3.0,3.8
14328,Carlomaria Alti,11.2,0,5,10,0.0,3.9,7.7
14342,Muhsin Fadil,11.2,2,7,7,1.5,5.4,5.4
13856,Jai Flemming,11.1,0,5,4,0.0,4.0,3.2
14771,Hyeon-sang Kim,11.0,2,7,5,1.6,5.7,4.1
15160,Jorge Romero,10.1,1,12,5,0.9,10.5,4.4
14797,Rodolphe Citti,10.0,0,2,6,0.0,1.8,5.4
15281,Brendan Speed,10.0,0,3,3,0.0,2.7,2.7
14365,Marços Sugimoto,9.2,0,5,4,0.0,4.7,3.7
15398,Kelsey van Harten,9.1,1,2,4,1.0,1.9,3.9
14473,Jorge Brushett,8.1,0,7,3,0.0,7.6,3.2
15318,Rhys Brear,8.0,2,7,6,2.2,7.9,6.8
14667,Jake Macgregor,7.2,0,1,6,0.0,1.2,7.0
15907,Graeme Woodruff,7.2,0,1,4,0.0,1.2,4.7
14334,Francisco Chavez,7.1,2,2,1,2.5,2.5,1.2
14751,Kosho Sakata,6.1,1,2,3,1.4,2.8,4.3
14016,Sofian Renard,6.0,0,0,6,0.0,0.0,9.0
15265,Altair bin Fadil,5.2,0,5,3,0.0,7.9,4.8
14053,Harry Moraine,5.2,1,1,3,1.6,1.6,4.8
16162,Carl Sogliano,5.2,0,4,3,0.0,6.4,4.8
15068,Reuben de Leeuw,5.1,0,3,2,0.0,5.1,3.4
15290,Isaac Downing,5.0,0,4,2,0.0,7.2,3.6
14063,Connor Curtis,4.2,1,2,3,1.9,3.9,5.8
15028,Shareef Ya'qub,4.2,1,2,2,1.9,3.9,3.9
15627,Chris Almaguer,4.1,0,0,3,0.0,0.0,6.2
15446,Marcel Baldato,4.1,0,3,1,0.0,6.2,2.1
14641,Joong-hee Kim,4.1,0,1,4,0.0,2.1,8.3
14438,Brad Hogan,4.0,2,4,2,4.5,9.0,4.5
15132,David Durand,3.2,0,1,5,0.0,2.5,12.3
15646,Sung-hoon Ji,3.0,0,1,3,0.0,3.0,9.0
14693,Nasir al Din Qadir,3.0,1,2,3,3.0,6.0,9.0
15137,Mario Verhagen,2.2,0,0,5,0.0,0.0,16.9
14057,Borenko Stambolic,2.1,0,0,0,0.0,0.0,0.0
14193,Roy Monck,1.2,0,1,1,0.0,5.4,5.4
14802,Jose Ochoa,1.1,0,1,0,0.0,6.8,0.0
13513,Marius Cipriani,1.0,0,2,0,0.0,18.0,0.0
13362,Nate Hardin,1.0,0,1,1,0.0,9.0,9.0
14114,Jesus Martinez,1.0,2,1,0,18.0,9.0,0.0
14765,Daniel Nolasco,0.1,0,1,1,0.0,27.0,27.0
14382,Nobuyuki Nakagawa,0.0,0,0,0,0.0,0.0,0.0
