ID,Name,STU P,CON P,HRR P,Age
17637,Manuel Avila,80,30,80,15
16230,Ishaq bin Jamal,80,65,75,22
14589,Ruben Calle,80,80,70,20
15676,Campbell Ceelen,75,80,75,17
16463,Fernando Contreras,80,45,80,17
15846,Archie Cooper,80,50,80,17
10633,ALVIN DONNELLY,80,80,50,26
16322,Alex Garcia,80,60,80,17
16548,Larry Gilberds,80,55,80,17
17604,Scott Gray,80,50,50,15
16425,Takashi Horita,80,50,80,17
17146,Masayoshi Kaza,80,35,50,15
17595,Alan Lancaster,65,80,80,16
16330,Jim Lukes,80,80,60,18
17638,Dave McDormand,80,50,70,15
17640,Andy McLeod,75,50,80,15
15610,Jake Moncrief,80,55,60,19
14207,Christian Morrow,80,80,80,21
15037,Bong-hwan Park,80,80,80,19
15566,Jaime Porras,65,70,80,20
17610,Sean Powers,65,80,80,15
17099,Rich Prouse,60,80,80,16
16336,Adam Raue,75,55,80,17
16992,Rafael Reyes,80,60,70,16
17573,Francisco Rodriguez,80,45,70,16
17085,Mototoshi Shibata,50,80,80,16
15868,Andy Singman  Jr,60,75,80,19
16280,John Swyers,65,75,80,16
17681,Noud van Bemmel,80,55,80,15
9605,Janos von Neumann,50,45,50,28
15035,Gene Wills,70,55,80,18
15617,Bob Black,60,75,75,19
17626,Nate Bush,65,80,65,14
16008,Giustiniano Gerratana,70,60,75,19
15577,Tye Gladstone,80,45,80,19
16263,Cameron Graham,80,45,60,17
16224,Valerio Lopez,45,80,80,18
16936,Kakeru Matsumoto,80,40,80,20
16448,T.J. McKinney,55,75,80,18
16265,Valentino Migliorati,65,65,70,17
8205,JOHN RANSON,55,60,75,34
17597,Alanzo Romano,45,80,80,15
17584,Adam Stoddard,80,55,80,15
17096,Damian Talbot,40,80,80,16
16960,Greg van Hout,40,80,80,15
15663,Brian Acorn,55,70,70,18
16440,Ahmed Anwar,55,75,65,17
13937,Pedrag Buturovic,70,75,50,21
16269,Lucas Cadaloba,80,40,70,17
15644,Trevor Cornelissen,60,70,80,22
15085,Richard Cross,60,65,65,19
15655,Abdul-Karim Fadil,65,65,65,22
14321,Raul Fresquez,50,75,80,34
16547,Douglas George,75,40,80,17
14379,Canice Gordon,60,60,65,21
15686,Thomas Hardy,80,30,80,18
14420,Paolo Janssen,45,80,80,24
16970,Javier Jaramillo,75,70,50,16
15086,Mason Kent,60,55,80,19
12915,Jason Knutson,75,75,80,24
15690,Rafael Lagos,65,55,80,18
14825,Min-jun Lee,55,80,70,21
16225,Odwin MacDonald,50,70,80,22
11782,NICK MCGUIGAN,80,50,55,24
15612,Vladislav Milutinovic,65,80,60,23
13343,Jamie Munson,55,80,65,22
17006,Wesley Naughton,35,80,80,16
16449,Markus Offringa,70,65,50,17
17127,Rogelio Partida,80,55,80,16
12774,Ruben Pastran,80,65,75,24
15604,Bob Rolston,70,60,80,23
10099,Dave Spuller,70,55,60,27
13638,Vladislav Stojsic,70,50,75,23
16392,Antonio Sénéchal,80,35,80,18
16953,Tsuruo Takase,45,80,80,16
15818,Jason Waller,60,55,65,19
16888,Ryan Yohemas,80,55,70,33
16443,Christopher Allwood,50,55,80,18
16410,Renaud Baldini,75,65,65,21
14675,Reuben Bennis,55,75,55,21
14491,Bill Brewster,80,55,45,20
16268,Kyle Burns,80,40,60,17
15650,Migdônio Carrasqueiro,80,50,75,22
11706,LENNY CHARLES,75,55,55,25
15653,Rudy de Groot,55,70,75,22
16287,Paul Delahaye,50,80,80,17
14908,Rudjer Djurdjuvic,80,35,80,21
17664,Jason Eisaman,75,40,80,15
16323,Tim Foley,70,45,80,18
15632,Oscar Gonzalez,80,40,65,22
17609,Norm Graser,45,75,80,15
15461,Victor Groeneveld,80,30,80,19
16467,Rajko Gvero,60,45,80,17
9700,David Harby,65,45,65,30
9147,Mike Hawes,50,75,50,30
14849,Pascal Hiemstra,70,65,60,20
15114,Michael Hopkins,50,65,80,19
13067,Chris Johnson,40,80,80,23
17115,Chae-hyeong Kim,55,65,80,16
16260,Mike Lauer,50,55,80,16
15684,Cullen Lindelof,80,80,50,18
13027,Sadaqat Mahdi,65,55,80,22
15968,Richard Mann,45,80,70,19
6702,DAVE MARTINEZ,50,75,55,37
16270,Ernesto Martinez,80,40,65,17
16962,Bobby Mayer,45,55,80,16
11956,Elijah McCants,50,55,75,24
16210,Tommy McQuinn,60,70,55,19
14512,David More,60,55,70,20
17591,Eric O'Farrell,55,65,80,20
16471,Sang-youn Park,45,75,75,18
15592,James Phipps,50,60,75,18
12581,Brassal Rampling,50,65,80,23
15813,Ryan Richard,75,30,80,22
9705,JOE ROSS,60,65,50,33
16504,Victor Saucedo,55,70,55,18
15606,Paul Schwab,60,50,65,19
10025,PAUL SCHWARTZ,55,55,75,32
16474,Dave Sealey,45,60,75,16
16569,Greg Snook,45,80,70,18
15507,Matt Stalker,55,50,75,18
17107,Harry Stiles,80,25,55,16
15794,Juan Valencia,50,50,80,19
17589,Alje van de Vondervoort,75,40,65,17
16247,Riccardo van Delft,65,40,80,18
12424,RAFAEL VARA,80,65,50,23
16427,Alvaro Velazquez,80,50,45,17
16556,Gerben Velthuizen,50,80,55,17
13078,Joey Walsh,65,70,70,22
15844,Stanislav Zivkovic,80,55,55,18
14819,Victor Agramonte,55,45,80,21
16725,Takashi Akutagawa,65,75,45,17
16935,Yaseen Anwar,45,80,55,17
15811,Riccardo Bagliani,45,80,70,22
15708,Matt Baker,60,40,75,18
13295,Owen Begum,60,50,65,22
15847,Marius Bettini,50,70,75,18
17682,Abdul-Mujib bin Hamdan,50,45,80,15
12892,Hana bin Maudad,45,55,80,23
11963,Jamal al Din bin Rahman,65,45,50,25
11484,Zayd bin Talal,60,55,50,25
16291,Pacu Bogic,50,80,55,17
13056,Quintin Bugbie,80,35,50,21
13593,David Campos,75,45,50,23
10048,CECIL CANTRELL,60,40,75,32
15583,Arnold Carels,50,65,70,22
12955,HELIODORO CARRAPA,45,80,45,26
15696,Hae-won Cho,40,80,70,18
17148,Jin-hoe Cho,80,60,35,16
10152,ANDRES CORTEZ,50,50,55,28
13064,Aydan Cote,55,50,60,22
15874,Juan Crisanto,80,40,50,19
17077,Jesus Cruz,80,45,50,17
15969,Peter Dalton,45,50,75,20
15330,Suljo Danicic,45,50,80,19
10922,JASON DAVIS,55,55,50,25
9544,JUSTIN DELELLIS,40,60,75,29
14457,Robert DeNeve,65,50,55,20
17090,Luis Diaz,45,70,70,16
15554,Bill Dominguez,65,70,45,20
12954,KANE DOWNES,45,65,70,23
16988,Chris Edwards,50,80,50,16
16849,Daryl Egan,80,70,40,18
15850,Dean Elliot,55,60,70,18
11750,Isami Endo,50,50,80,25
11579,Kedar Fawzi,55,50,60,24
14518,Elias Franco,60,65,50,20
15409,Brad Franklin,80,45,65,20
10726,Luis Garcia,55,60,45,26
11712,RHYS GAULT,80,45,50,25
15714,Frank Geurtsen,70,45,70,18
15848,Craig Glidden,65,80,50,18
13087,Dario Gomez,60,70,50,22
11489,EDWIN GOMEZ,80,55,45,25
13587,Willie Gonzalez,50,75,60,22
14986,Elton Griffiths,60,45,75,20
11205,Burton Guster,55,50,60,25
15638,Brad Hall,80,45,60,19
11517,Ralph Hamilton,45,60,65,26
17161,Dave Hardwick,45,80,70,16
14586,Rob Harman,60,45,70,20
14387,Darren Hawkins,80,35,55,22
14537,Liam Hendricks,50,55,80,24
17273,Bill Hernandez,45,50,80,17
12253,LOUIS HODGSON,55,60,60,23
17154,Bill Holland,45,60,75,16
11333,Jun-hyuk Im,80,50,55,25
12129,Young-jae Im,80,45,55,25
17132,Pete Jacks,80,40,45,15
11635,SAMUEL JENKINS,55,50,70,24
16342,Dong-hwan Kim,70,35,65,18
14166,Hyeon-sang Kim,50,55,65,22
16927,Man-ho Kim,75,45,65,20
15651,Seung-kab Kim,40,75,80,19
12364,SAMUEL KING,70,40,70,23
12407,ELARD KOOLE,45,55,75,23
16320,Hiroomi Kotani,50,40,80,17
7027,Ryan Lakes,55,50,55,36
7933,Dave Landin,45,65,50,33
10430,Juan Lasanta,55,45,50,27
8994,Tom Lawrence,60,50,65,32
15849,Jude Lea,40,75,75,17
16288,Robby LeBeau,80,30,45,17
12887,Chan-woo Lee,60,65,70,22
15854,Jong-hun Lee,40,50,80,18
17582,Sang-Seung Lee,55,70,65,16
15589,Rémy Lemaire,50,75,55,22
15036,Josh Looney,75,60,45,19
15073,Salvatore Lopez,50,55,80,19
9995,Charles Lyell,50,40,65,33
13071,Danny Martinez,65,50,55,22
17124,Eduardo Martinez,45,55,80,16
13446,Fernando Martinez,65,50,70,23
8734,Glen McClees,50,65,60,31
16218,Momsilo Mitevic,45,70,80,17
11232,Juan Morones,80,45,55,25
15770,Robert Muir,50,50,65,20
15709,Bill Muncey,60,40,75,17
15126,Kenyu Nakamoto,60,70,50,19
13920,Koichi Nakano,45,60,70,25
12939,ALEX NARVAEZ,70,50,75,23
6718,Dusty Nelson,45,55,65,37
15571,Hidehiko Nomura,60,80,60,23
12386,JULIO NUNO,55,55,50,24
12999,ALEX OCHOA,45,70,55,24
15831,Sadahige Okubo,40,70,80,18
13604,Takeharu Oya,55,55,65,22
17586,Art Parker,80,40,60,20
8768,John Parks,50,65,55,31
16945,Lorenzo Perez,75,45,50,15
13883,Joe Perrine,70,40,60,20
15515,Galimberto Polandi,45,65,75,18
14322,Katsuyoshi Ponce,45,70,55,38
16421,Sam Porter,80,30,65,17
9222,ROBERTO RAMIREZ,50,50,50,30
15815,Armando Rendon,80,30,80,23
15864,Theo Robinson,45,80,50,17
12590,Cody Rowe,50,50,75,24
17685,Bronson Rowlands,45,80,55,14
16076,Mike Salvador,70,65,50,19
16550,Juan Sanchez,50,60,70,17
14258,Nicholas Sanders,70,50,50,22
10898,EDDIE SCHNAIBLE,50,55,50,26
14857,Edward Scholten,45,60,80,20
5394,Jimmy Schorr,45,70,55,39
15657,Abdel Shafiq,80,70,45,21
14428,Jim Shewman,65,70,50,20
15381,Sung-min Shin,65,55,55,20
15661,John Shnairson,50,80,50,18
16462,Andy Short,45,75,80,17
11599,ENRIQUE SORIA,80,50,50,24
15325,Riccardo Spierings,40,80,80,21
14477,Zivojin Stanovcic,65,45,70,20
11569,ROY STEEL,50,50,80,24
13944,Mendel Steenbergen,55,60,70,21
10531,MASAJI TAKENAKA,65,50,55,27
12923,Dave Tufts,60,50,55,24
12931,Imbart van Vliet,45,50,55,28
13784,MIKE VERHAPPEN,50,50,75,23
14192,Felipe Vooijs,50,60,65,22
17599,Oscar Walsh,50,40,80,14
16183,Rusty Walston,60,50,55,27
14557,Greg West,80,40,50,20
8727,SINCERE WILLIAMS,50,50,50,31
16476,Hideki Yamada,45,80,70,17
13390,Jeremy Youngberry,65,45,70,22
15084,Ted Zablocki,80,40,80,19
15830,Slobodan Zujovic,45,75,60,17
13904,Mick Adams,65,55,50,22
13806,Jason Adcock,80,45,45,25
10995,Tony Aguilar,60,60,45,25
13938,Tomohito Akamine,65,45,50,21
14485,Arcibaldo Albino,75,45,50,20
11450,ALVIN ALEXANDER,55,55,45,26
13353,Steve Alexander,80,25,70,22
11212,Andres Alfaro,60,60,45,26
15627,Chris Almaguer,35,80,55,22
9444,Ed Anduray,55,70,35,30
16889,Shohei Aoki,75,45,50,27
16921,Henry Aponte,45,50,55,26
11571,ALEX ARAIZA,40,50,50,24
17622,Manny Arellano,50,35,80,15
16976,Aidan Armstrong,45,45,65,16
11760,Mike Aron,60,40,60,23
10613,JAMIE ARTEAGA,70,30,65,26
9115,KADEN ASHRAF,50,70,50,34
10597,JIM ATCHISON,60,45,50,26
16985,Francisco Avalos,60,70,45,16
15587,Xadreque Azeitado,55,75,40,20
13342,Tom Bach,55,50,55,22
17566,Radi Badr,40,40,80,20
17118,Stewart Ball,60,30,75,15
15694,Jong-seop Bang,55,50,55,18
10833,RUSSELL BARANOSKI,45,50,55,27
12198,Orlando Barboza,45,50,45,24
15315,Pieroantonio Baronti,60,45,55,20
13048,Dylan Bartosz,50,40,60,23
15640,Ethan Bastien,35,45,80,22
14715,Ron Bateman,50,40,70,21
15839,Matt Beck,45,80,45,18
10912,Jeremy Becker,65,50,50,25
10114,Ryan Beebe,50,55,45,28
17581,Lamberto Benedettini,45,40,80,19
14564,Brenden Bennett,40,70,70,20
14583,Melorran Bennett,55,40,50,20
15058,Adam Bennetts,55,45,55,19
10820,Elliot Berland,45,50,55,30
16317,Willie Bernal,80,25,50,17
15601,Chris Berreles,50,45,50,23
15720,Conor Beveridge,40,40,80,17
13201,HAMZAH BIN BASIL,50,55,50,27
16294,Fawwaz bin Butrus,40,50,75,17
17179,Muhanned bin Hamid,50,70,50,16
17001,Riyadh bin Houd,70,70,40,15
16167,Abdul-Majid bin Labib,45,45,70,19
15796,Isa bin Mufeed,45,75,65,23
12664,Amjad bin Raghib,45,55,60,24
16515,Qasim bin Salih,40,80,60,18
16568,Fawzi bin Sayyar,45,80,55,18
12853,Adnan bin Siraj,65,50,50,23
12843,Habib bin Zaim,50,45,60,23
17119,Mark Bishop,50,80,45,16
15700,Oliver Blackford,45,70,55,18
8057,Ramiro Blanco,45,45,50,34
10839,RANDALL BLEVINS,55,35,60,27
10627,JOHN BOBROWICZ,70,45,60,25
13817,Billy Bogle,45,45,70,25
11379,Donald Bom,50,40,60,30
8519,Bill Bone,50,50,50,32
15551,Jacques Bonnet,45,55,60,20
12265,GARY BOTTOM,50,50,45,33
13270,Brayden Bourke,60,55,45,23
12381,ROARTY BROWN,75,40,45,23
16393,Mike Bruce,45,55,65,23
11772,Farid Bruneau,65,45,50,24
14496,Jeff Buonaiuti,65,50,45,20
8482,TOM BUTLER,45,60,55,32
13037,Dustin Calhoun,50,50,55,22
8025,Jason Campbell,45,50,65,33
11299,Victor Cantu,80,40,55,25
17151,Côme Capelle,50,30,80,15
12419,GIAN-ANDREA CARANDINI,50,50,50,23
11425,ADAM CARDUCCI,45,55,65,29
13322,Noël Carpeggiani,60,50,50,21
14082,Len Carrier,45,50,55,22
16964,Zak Carruthers,45,50,65,15
11433,CLARK CASSETTY,55,35,55,26
15766,Don Cassidy,65,35,70,21
16145,Chris Castillo,80,35,50,20
13909,BILL CAWTHORNE,50,45,55,22
15812,Jim Chavarri,50,65,70,20
11136,Manny Chavarria,45,50,60,27
11791,Ricardo Chavez,50,45,50,24
11015,JIMMY CHRISTIANO,55,45,50,25
12203,Callum Clark,50,50,55,24
8449,JOE CLARK,40,65,55,36
17142,Mike Clark,45,45,80,21
8317,Allen Clarke,45,65,45,31
16955,George Coates,45,80,45,16
10573,LYLE COBB,50,55,60,27
14458,Tim Cody,40,60,70,19
16969,Layne Corbitt,50,50,70,15
10817,Joe Cosimano,50,50,55,28
12319,Clive Cunningham,50,45,75,24
11786,Ron Cunningham,60,55,55,24
10179,TOM DALLMAN,60,50,45,28
10103,OMAR DANIEL,45,45,50,28
10425,Matt Darling,50,45,55,27
14460,Bosko Davidovic,55,45,50,20
8983,Brian Davis,45,45,50,34
10090,Shawn Davis,60,50,45,28
8654,FERNANDO DE ANDA,50,50,45,32
16459,Jose de Poel,80,35,65,17
14884,Joey de Vos,50,70,50,20
15851,Wade Deacon,35,70,65,18
17181,Todd Dempster,35,60,80,17
14179,Tony Diaz,55,40,60,22
10165,Jason Dickerson,60,45,45,27
13572,Suljo Djokovic,45,50,55,23
11704,LORENZ DOEDENS,70,50,50,25
16531,Dustin Dondale,55,55,60,18
11681,JOHN DONDALE,55,50,55,26
13465,Andre Dowling,50,70,55,23
12949,PETE DRAPCHO,50,60,45,22
10648,Archie Edmonds,55,45,50,27
15711,Hugo Esparza,45,50,75,18
15124,Jorge Espinosa,65,45,50,19
12432,RICO ESQUIVEL,50,55,50,22
12459,David Estrada,50,50,50,24
16542,Ken Evans,45,50,65,17
12266,Bobby Faber,45,50,55,24
11885,Daniel Fallon,65,55,45,25
10146,Ken Felber,50,45,55,28
10333,Hugo Feliciano,50,50,45,28
16283,Jorge Fernandez,65,35,80,17
11366,Pedro Fierro,45,45,50,31
15492,Gabe Figueroa,55,40,60,19
12354,XAVIER FISHBURN,45,55,50,23
11335,Li Fitchett,40,75,50,28
10821,Kevin Floyd,50,45,45,30
10591,JEFF FOOTE,65,45,50,26
8369,BOBBY FRAMPTON,45,35,75,32
14549,Ryan Friedrich,50,50,50,20
11899,Benjamin Frith,50,55,50,25
12898,Freddy Fuentes,50,45,70,22
8685,Jesus Fuentes,45,50,50,35
16646,Steve Gallizio,65,40,55,18
15103,Kyle Gamblin,45,55,60,19
15093,Alex Garcia,50,70,45,19
12763,Armando Garcia,50,50,50,24
15485,Mario Garcia,35,80,65,19
13232,Ramon Garza,50,50,50,23
16551,Hiroaki Georgeon,45,45,80,17
7683,Benny Gesserit,45,50,55,34
7653,Bobby Girton,55,45,45,34
15557,Charlie Glynn,50,45,50,22
11575,Mike Golunski,55,45,50,24
10893,Jordan Gonzalez,50,55,50,26
12185,Ivan Govedarica,55,40,50,25
10361,WILL GRAYSON,55,50,50,27
13319,Alan Green,55,50,50,22
15842,Matt Greene,80,45,45,17
15712,Rex Grenfell,50,45,65,17
9575,EDWARD GRIEB,45,70,50,29
14476,Trevor Griffiths,55,35,60,20
6687,Trevor Grimes,45,65,50,38
9042,STEVE GRIPP,45,45,55,35
8745,JAY GRUBBS,50,40,50,31
13314,Frank Guevara,55,50,50,21
13051,Adrian Gutierrez,55,45,55,22
9434,Larry Haake,70,25,50,33
15401,Tonny Hage,50,50,60,19
12991,MATT HALLBAUER,45,45,50,26
10563,MARK HAMILTON,55,45,50,25
17643,Pat Hamilton,45,40,70,15
7348,JALEN HAMMOND,55,50,45,35
10868,Andy Hammons,40,50,50,27
10157,Tom Hampshire,50,50,55,28
5254,Josh Harrington,45,45,45,42
9542,NICK HATCH,50,50,50,29
11372,John Hensley,45,50,50,28
15198,Fernando Hernandez,40,75,50,20
17024,Gustavo Hernandez,40,75,60,16
13715,Jorge Hernandez,70,60,45,22
10411,JOSE HERNANDEZ,55,45,40,26
10184,Jose Hernandez,45,45,55,28
17021,Mario Hernandez,55,80,45,16
10154,Shawn Herron,50,45,75,28
15382,Ronald Hickman,60,40,70,20
16292,Calum Hogg,55,35,80,17
8405,JAMEL HOLAS,55,45,40,32
15031,Jan Holmberg,55,65,50,20
12693,Kuniyoshi Horii,55,60,45,24
10855,TIM HORN,50,55,45,30
14095,Conrad Houwers,60,45,55,21
8395,DONOVAN HOYME JR.,50,55,50,32
10779,ERIC HUBBARD,40,55,65,31
16433,Dave Hubert,45,50,80,17
8016,JUSTIN HUGHES,45,55,45,33
10550,Robert Huijts,45,70,50,43
12300,WILTON HUNTINGFORD,50,40,50,27
13203,CHARLIE HURST,75,50,45,23
12062,Abdul-Bari Husayn,80,25,55,25
13596,Mark Hutton,50,45,55,23
17153,Christian Ibarra,45,40,70,16
14711,Honório Imaginrio,60,40,50,21
15581,Tameo Iwata,50,60,50,20
15716,Danny Jaime,55,75,50,18
11902,Carsten Janssen,55,45,70,24
15135,Robert Jennings,50,65,50,20
15840,Petar Jigovic,80,35,50,18
16306,Bobby Jimenez,70,35,65,17
16384,Francisco Jiminez,35,75,65,19
10132,Devin Johnson,50,55,45,28
16407,Lee Jordan,65,25,80,22
9316,Hong-chang Jung,50,55,50,31
17171,Khalil Kadar,40,75,50,15
16541,Ichiji Kanda,55,40,60,17
11418,Yataro Kaneshiro,50,55,55,26
11359,Hae-min Kang,55,70,45,30
15052,John Katz,75,30,50,19
12427,ADAM KAUFMAN,60,50,50,23
10319,Akinami Kawabata,50,40,50,28
10933,Jeff Kelley,45,40,55,29
12838,Cheol-kyun Kim,55,50,65,24
13309,Do-hyung Kim,50,35,60,22
14581,Hwi-gon Kim,60,25,75,20
15567,In-sung Kim,45,50,60,19
13584,Jin-hoe Kim,55,45,65,22
14599,Jun-young Kim,55,50,55,20
15075,Kun-woo Kim,80,45,50,19
14621,Kun-woo Kim,50,45,55,21
12435,KYUNG-BAE KIM,55,50,45,23
11541,KIMIAKI KINOSHITA,55,55,50,26
10916,CHRIS KINSLEY,45,50,55,29
17654,Tomomi Kishida,40,50,70,15
15021,Mike Knight,80,60,45,20
16199,Kazuo Kobayashi,40,70,55,19
14465,Masaaki Koga,45,50,60,20
13473,Hiroki Kojima,45,50,55,23
16961,Rob Kolker,45,60,50,16
10593,Justin Kondapaneni,50,40,60,26
11319,Myung-hwan Kong,65,40,60,25
14394,Marcus Konings,55,55,50,21
10116,Brad Lane,65,45,45,28
12406,ALFREDO LANGSTRAAT,55,50,50,23
16302,Vaughan Lapthorne,80,40,45,18
11799,Dave Larocque,55,55,50,24
14887,Joe Leahy,45,50,75,20
17163,Suk-min Lee,55,45,50,16
9223,RYAN LEWIS,45,50,50,30
10485,Micah Lincoln,55,45,55,27
12222,Carlos Lizarraga,55,45,60,24
14253,Vinny Lopez,50,50,60,21
11780,CHRIS LUNA,75,40,55,24
13076,John Lupkoski,65,65,50,22
15423,Vittoriano Macaluso,70,80,45,19
15076,Dave MacDonald,80,50,45,19
17155,Elton Macdonald,50,80,45,16
10436,Danny Mace,70,50,45,27
8906,Lyoto Machida,40,55,55,44
9506,Javier Maciel,50,35,70,29
14492,Joe MacLellan,40,60,55,19
15745,Asher Mahony,70,55,50,18
10970,Pete Malcolm,55,45,55,25
15664,Jean Mancelo,60,45,50,18
15909,Simeone Marcucci,55,50,50,19
11439,CLAUDIO MARISCO,70,40,60,27
14112,Jerry Marquez,60,55,45,21
17108,Milutin Martic,80,35,35,16
13098,Edgar Martinez,60,50,45,22
5852,Israel Martinez,40,50,45,41
11705,JOSE MARTINEZ,70,35,60,25
7342,JUAN MARTINEZ,50,65,50,35
8544,Julio Martinez,45,45,50,33
14432,Omar Martinez,45,55,50,20
13991,Richard Martinez,45,55,65,22
13082,Sam Marx,45,45,70,22
16332,José Masson,50,65,50,17
15865,Teruhide Matsubara,40,45,80,18
11223,Aaron McAlpine,55,50,50,25
11560,EDWARD MCDONNELL,45,45,70,24
8455,Colin McGuire,50,55,45,33
11743,DANNY MCINTOSH,80,45,45,23
13338,Mark McKenzie,45,55,70,22
13187,BOB MCKOWN,45,55,60,24
10598,BOBBY MCLENDON,75,50,50,25
15807,Brad McLennan,55,45,55,19
13312,Fergus Meadows,50,45,60,22
8004,Brian Meeks,50,50,50,33
13202,Danny Melendez,45,80,55,23
13325,Rodolfo Mendez,50,50,50,21
14494,Aurélio Menelau,70,55,50,20
11770,Ceasario Menocchio,50,35,80,23
6915,RICKY MERCADO,45,55,50,37
7056,JOE MIGLIARO,50,50,50,36
12891,Matt Miller,50,45,75,22
14565,Dylan Miners,70,35,65,20
11690,Jose Miranda,45,50,50,25
16477,Masami Miura,60,45,50,18
16446,Jeremy Moffatt,50,60,50,17
12248,B.J. MONTALBETTI,80,40,45,23
8005,JUSTIN MOORE,45,55,50,33
17150,Jordan Mora,60,80,40,16
14072,Armando Moreno,45,45,75,22
14464,Tsutomu Morimoto,45,40,65,20
14636,Richard Mueller,50,50,50,21
10940,DUSTIN MULLICAN,50,70,45,26
14315,Ciaran Munro,40,55,60,21
14514,Yoshiji Nagao,75,50,40,20
12633,Yushiro Nakamura,50,65,50,24
12079,Takeo Nakano,55,45,65,24
11638,HARUYOSHI NAKI,80,40,45,24
10533,DANNY NIEVES,50,50,55,27
17648,Tatsuyuki Nishikawa,50,70,45,14
13227,Leon Norris,75,45,65,23
10958,COREY O'CONNELL,50,45,45,25
16399,Rich O'Donnell,60,65,40,18
16079,Morgan O'Neill,80,25,75,19
10474,Daizo Ogasawara,55,40,50,28
13891,Sang-chul Oh,45,55,55,21
10672,Teruaki Omori,55,35,70,27
12893,Hiromichi Ono,50,50,55,22
15776,Alberto Ortiz,55,50,55,23
15748,Fernando Ortiz,80,35,30,18
12820,Dave Ovando,45,45,65,24
11792,ALEX PADILLA,55,50,55,24
15561,Samuel Paquet,55,55,45,23
13689,Mike Pardo,60,50,45,22
9086,ALEX PARKER,50,70,40,30
13850,Charlie Parker,50,55,50,22
11001,JOSH PARKER,80,55,40,25
16500,Djoka Pasic,45,60,55,18
11808,Milojica Pasic,65,35,70,25
12901,Jarod Pavey,45,55,70,22
10885,DANNY PERALTA,50,45,50,29
7359,PAUL PERDUE,40,55,45,35
16220,Jasa Perovic,45,50,55,21
14944,Djoka Pesa,45,45,75,20
13875,Mike Pierson,50,50,50,21
11746,Jason Pigeon,50,55,50,24
13022,Usaburo Pintado,80,45,45,23
13974,Wes Piper,50,60,50,21
10825,COREY PITMAN,55,50,55,27
15628,Vladimir Plavsic,80,25,80,23
12260,BILL POND,50,60,45,24
9757,ETHAN POPHAM,65,45,50,29
15827,Srdjan Popovic,55,70,50,18
7871,David Powers,45,50,50,38
10428,Nick Price,50,50,55,27
13931,Samuel Price,50,50,55,25
14607,Duk-yoon Pyo,45,80,50,22
11600,DUSHAN RACIC,45,45,55,24
11908,Hugo Ramirez,45,65,55,25
6193,Nolan Ramirez,45,45,45,39
8384,BRUCE RAMSEY,80,25,60,31
13579,Dushan Randjelovic,40,50,70,23
15735,Zivojin Rankovic,40,55,75,18
7929,Steve Reagle,50,60,45,34
12342,BRIAN REEVES,50,50,60,24
10994,CHRIS REID,50,60,55,25
15496,Terence Remkes,50,50,50,21
17590,Chad Renny,40,45,60,15
16296,Tony Reyes,65,45,55,17
15715,Alan Rhodes,55,50,50,19
7544,BEN RICK,45,45,50,36
17588,Ron Riel,65,30,80,16
11692,RAFAEL RIVERA,50,45,50,25
16979,Salvatore Rivera,45,80,55,16
15737,Arnaud Roche,45,80,45,18
16248,Jose Rodriguez,40,70,60,22
15755,Jesus Rojo,40,80,65,19
16557,Mitch Rollings,70,50,45,16
12948,MARTY ROMAN,50,50,60,26
14740,Jayden Rooke,50,45,80,21
9052,Javier Rosalez,45,45,55,31
11022,KELLY ROSENBERGER,80,35,50,24
11943,Hubert Roth,45,45,50,25
13181,BOB RUIZ,50,60,50,24
14413,Luis Ruiz,60,75,50,21
10864,Mike Rush,55,60,55,26
9035,BOBBY SALAZAR,60,45,45,31
9137,JORDAN SANDOVAL,45,50,65,34
12429,BRANDON SASLOVE,50,50,65,23
12240,Stan Scholten,60,50,45,25
12223,Adriano Sells,45,45,70,24
12033,Pedrag Sesely,50,45,60,25
11777,HYUN-KYU SIM,55,50,50,24
12888,Spaulding Smalls,40,40,75,22
9679,Tim Smith,45,55,45,30
10110,Jeremy Socha,55,35,50,28
13418,Israel Solis,65,50,45,23
14556,John Solis,65,45,50,19
10010,Zach Sotelo,50,55,55,33
7340,GABRIEL SOWLE,45,60,50,34
15961,Carl Spackler,45,55,70,19
15071,Frans Spanjaard,55,65,50,19
15281,Brendan Speed,45,55,60,20
11324,Roald Spierenburg,50,30,80,25
13004,BILL SPOTTSWOOD,55,45,55,27
16275,Jovica Stambolic,50,75,50,17
13370,Ray Stantz,45,50,55,23
12297,BRENNAN STEELE,70,40,60,25
14558,Tomas Steger,50,45,55,20
9398,CHRIS STEWART,45,65,55,31
10622,James Stinson,75,25,55,26
16286,Aca Stojsic,80,70,40,17
12118,Velimir Stolic,70,45,50,24
14839,Luther Street,70,45,50,21
15817,Josh Sullivan,70,50,50,19
11758,COLIN SUMAN,55,25,80,24
15707,Mike Sutton  Jr,70,45,45,18
8007,BOBBY SWISHER,45,45,50,33
14102,Teruyuki Takamoto,55,50,65,22
11697,HIDESHI TANAKA,45,60,50,25
13441,Roald ten Have,50,50,50,22
8036,Nick Thomas,45,65,45,33
15689,Elmar Tijhuis,40,75,50,18
16431,Rowan Tindale,50,60,50,17
12584,Alan Tizzard,80,45,50,24
7991,Danny Tobin,50,50,45,32
13209,MIKE TOTE,50,40,70,24
11723,SERGIO TREJO,55,65,45,24
17015,Antonio Troche,55,75,45,16
9571,JUSTIN ULBRICHT,50,45,45,28
14421,Ugo Ulleri,55,40,65,20
14736,Michael Utting,50,50,50,21
10610,SAL VALDEZ,50,50,55,26
11380,Eduardo Vallone,45,45,50,28
8885,Vaclav van de Ven,45,55,45,32
16209,Ijsbrand van den Broek,45,55,55,19
11608,OTTON VAN DER VLUGT,55,50,45,24
13013,HALEWIJN VAN GINKEL,45,60,55,23
15398,Kelsey van Harten,50,45,65,19
13154,Andre van Lier,60,60,50,23
11034,JONATHON VANDERMARK,65,50,45,26
15512,Rodolfo Vasconcellos,50,55,50,18
15066,Ramon Velarde,70,70,40,18
6070,Miguel Velazquez,45,50,55,37
11973,Omero Venni,55,50,50,25
9578,JUAN VILLEGAS,50,50,55,28
13421,Frits Vuijk,50,55,45,23
17149,Tom Walker,70,50,45,16
17656,Anthony Wallace,60,45,65,14
11639,TERUO WATANABE,80,40,55,23
12994,JAROD WEDEMEYER,50,45,55,23
14370,Devin Weicker,50,50,50,20
13272,Jamie Wells,55,50,50,23
7601,ADAM WHALEY,45,70,50,35
15697,Chris Whiteway,80,45,45,17
12401,HARM WIEBENGA,45,70,50,24
15858,Nate Wiggins,80,50,45,17
12806,Jarod Willey,55,60,50,24
10493,VIC WILLEY,55,45,50,28
11241,Blake Willis,50,40,65,25
8765,JASON WILLSON,50,50,40,31
13324,Lewis Wylie,50,50,55,21
11747,SHINTARO YAMADA,55,45,65,24
9621,JAY YANCHEK,55,60,45,29
13059,Azzam Yasar,75,45,45,22
16893,Yukiyoshi Yoshimura,55,65,50,18
16246,Declan Young,50,70,55,22
11031,ALEX ZARAGOZA,70,45,55,25
15514,Edgar Zeimoto,45,45,80,18
11214,Jian-zhang Zhang,55,50,60,25
15654,Bryson Zinck,50,70,50,19
15814,Oliver Zwijnenburg,45,70,60,18
14832,Tobias Aalderink,50,80,35,21
15810,Richard Abadee,45,45,50,19
13616,Iwan Abbas,50,45,40,22
13167,KAMAL ABDUL-MUHAIMIN,45,40,55,29
13331,Hakim Abraha,45,55,40,21
11882,Leonor Accioli,55,45,45,24
10602,STEVE ACCURSO,60,35,50,26
16469,Jeff Adamson,50,45,35,17
12943,Danny Aguilar,50,55,50,23
12732,Pedro Aguilar,45,60,45,23
10754,Jose Aguilera,50,40,35,26
13554,Ji-hu Ahn,40,45,45,23
14039,Seung-hyeon Ahn,35,45,50,22
13952,Armando Alcala,50,30,50,21
11631,Jim Alcorn,70,35,50,24
15683,Dave Allard,65,30,35,18
14618,Les Almond,45,45,45,21
14328,Carlomaria Alti,50,45,30,21
16841,Arturo Alvarado,50,45,40,18
13157,Daniel Alvarado,50,45,45,23
12210,Jordan Alvarez,50,45,45,24
13542,Jose Alvarez,80,25,40,22
14159,Yoshimochi Amano,45,60,45,22
16946,Danny Andina,45,50,50,16
13198,CHRIS ANDRADE,45,45,55,27
12296,Largo Andretto,55,50,40,29
11604,IVAN ANDRIC,45,40,65,24
15746,Jovan Andric,55,65,45,18
15599,Silvestro Antonoli,40,70,65,22
16241,Armando Anunciada,45,55,35,19
13133,Antonio Aquino,50,40,55,23
14056,Edwin Araujo,45,45,45,22
11745,Danny Arenas,55,25,70,24
14966,Victor Arenos,75,35,40,20
12251,DIEDERICK ARENS,45,40,55,23
10095,Frank Armstrong,45,55,45,28
12202,Alejandro Arocha,45,55,45,24
15481,Faruq Asadel,40,35,75,21
13741,Kane Aston,50,35,50,22
13024,Abbudin Aswad,50,45,35,22
10667,Gervasio Atares,55,35,50,27
14403,Urs Atema,75,40,50,25
15688,Nicky Atherton,50,40,45,18
15080,John Atkinson,55,25,50,19
14132,Mark Atkinson,45,50,50,23
14851,Ewan Attwood,55,50,35,21
9649,COLE AUBEL,50,40,50,35
15808,John Auclair,45,30,50,23
11701,MANNY AVALOS,55,45,35,24
13381,David Avila,45,45,50,22
12270,BEN AXON,55,45,45,28
13541,Brendan Ayres,55,50,40,23
16472,Usamah Azeem,50,40,45,18
13565,Bert Baird,55,25,50,22
14180,Alexander Baker,45,50,50,22
12489,Don Balcome,40,45,50,24
16235,Vince Baldwin,70,50,30,19
12863,Wessel Ballast,45,70,35,23
15780,Chris Ballesteros,60,40,55,22
13173,JOEL BANKS,50,30,45,28
13001,SEAN BANNERMAN,65,30,50,26
12306,PHILLIP BANSFIELD,50,45,40,27
14577,Bill Barbara,45,40,50,20
13323,Horácio Barbas,60,45,35,22
11445,CLYDE BARCLAY,45,25,45,26
14107,Odilon Baren,45,40,50,21
17091,Craig Barlow,45,35,70,15
11627,CRAIG BARLOW,50,45,50,24
15131,Ron Barlow,50,25,60,21
11603,Willie Barragan,80,45,35,24
14188,Alberto Barrera,45,45,50,21
12339,MANUEL BARRIENTOS,65,35,45,27
14396,Dario Barron,55,20,70,26
12457,Logan Barry,45,30,70,24
15261,Steven Beach,55,55,50,19
12810,Nicky Beaumont,30,45,45,24
11793,Carl Beckett,45,40,45,24
8188,JOHN BECKHAM,45,55,40,34
13865,Omarion Bedford,45,35,50,21
11798,JOHN BEDLECOM,60,30,35,24
13955,Nick Beer,55,35,50,20
11460,PASCAL BERCOVICI,50,40,30,26
13074,Jean Berger,70,25,60,21
15207,Jonathan Berrios,50,45,45,20
10045,MIKE BERRY,45,50,40,29
12968,MIKE BERTEL,40,45,60,23
13539,Valerio Bessi,50,40,55,22
11528,KYLE BETANCOURT,50,40,50,28
14484,Giacomo Bianchi,55,35,50,20
15822,Alan Bigalow,50,35,60,17
11025,JUSTIN BILLETT,55,50,35,25
15225,Maimun bin Asif,40,45,45,20
13378,Abdul-Halim bin Ata,70,40,25,22
11756,ZAKI BIN BUTRUS,45,35,50,24
15958,Abdul-Jabbar bin Harun,50,50,30,20
12716,Rafi bin Hatim,45,40,65,23
15798,Gadiel bin Jaleel,45,50,45,18
13714,Abdul-Malik bin Kameel,40,35,75,23
13225,Abdul-Rahim bin Karif,45,55,45,23
17114,Wazir bin Karif,45,35,50,16
15593,Boulus bin Karim,80,30,35,19
14602,Ubadah bin Khaldun,45,55,45,20
14609,Avicenna bin Ma'n,70,40,45,21
12340,ABU BAKR BIN NAJI,50,40,40,27
14694,Munsif bin Nasir al Din,50,45,45,20
15520,Zuhair bin Omar,45,30,75,18
13898,Shafeeq bin Rafi,50,45,45,21
11643,HANNA BIN RAGHIB,60,55,45,24
16947,Halim bin Shakir,45,55,45,16
12280,KHAIR AL DIN BIN SOFIAN,65,30,55,25
11961,Yazeed bin Suhail,50,20,80,24
12072,Khoury bin Suhayl,60,30,50,24
14738,Nasir al Din bin Wafiq,45,45,45,21
12506,Bakir bin Yazid,45,25,55,25
12467,Reece Blair,55,45,35,24
12681,Oliver Blakey,45,30,40,24
12149,Halewijn Blok,50,40,45,25
13122,Urs Bloom,35,50,60,23
14402,Bob Blythe,45,45,40,21
16314,Martin Blythe,45,80,35,18
13723,Claudio Boelhouwers,55,45,45,29
16315,Dallas Boettner,45,30,80,17
15872,Dale Bois,40,80,40,18
14517,Todd Boland,45,20,55,20
17086,Andy Bonaddio,45,40,60,16
11317,Henry Boon,45,40,45,25
10138,Jeff Born,50,45,50,28
14395,Pippo Borromeo,45,40,55,21
13050,Josh Boyden,50,35,55,22
12209,Humberto Boye,45,40,45,24
12232,Ian Boyle,35,35,55,24
16329,Francis Bradley,45,25,55,17
13546,Vincent Bradley,50,45,35,22
15975,Aarão Bragana,40,40,45,19
13205,ELIGIO BRAMANTE,70,35,45,25
12183,Basilio Brandini,65,30,45,24
15552,Trevor Brandsen,55,50,35,20
9126,Marco Bravo,50,40,45,34
8332,FRED BRAY,45,55,40,32
13964,Pete Brenna,60,60,40,21
8814,Jude Bright,45,35,55,32
14345,Felipe Britschgi,65,40,40,21
14770,Terry Brown,45,50,60,21
13578,Martin Brulhart,55,50,30,22
8044,ERIC BRUMAN,45,55,30,33
13036,Steve Brunskill,50,70,30,22
14473,Jorge Brushett,45,50,55,20
11016,CHRIS BRYANT,65,55,40,24
11924,Danny Bueno,50,45,50,25
17183,Johan Bugalho,75,45,25,16
11926,Lorenz Buitenkamp,55,40,40,25
13926,Jasa Bulatovic,45,55,45,25
13239,Curt Burden,65,30,65,26
16944,Nigel Burgess,40,30,60,16
11649,Pat Burkhard,55,45,45,24
11464,SAM BURKS,45,30,40,24
15772,Brad Burnett,70,25,60,21
11049,Claude Buso,50,40,45,27
17097,Brian Byrd,80,40,25,16
13150,Braz Cafu,45,50,50,23
8139,Ernesto Cajamarca,50,50,45,33
7357,ERIK CALABRIA,50,35,50,34
12962,JOSH CALLAHAN,45,40,50,26
9716,Zack Campbell,50,40,45,32
13401,Giovanni Canalo,65,25,45,22
11901,Juan Canas,45,50,40,25
13780,KEVIN CANNON,55,50,45,27
15680,Brando Capellari,35,45,55,17
12303,MIGUEL CARREON,80,35,45,27
13797,ARMANDO CARRILLO,45,45,55,26
8346,STEVE CARTER,50,40,55,32
11449,KEVIN CASEY,50,40,35,26
13853,Ron Castaneda,50,40,60,20
7564,Ryan Casteel,45,40,50,38
11258,Jose Castillo,45,25,65,26
14041,Pedro Castrillo,35,50,65,22
11801,FRANCISCO CASTRO,55,25,55,23
13520,Silvano Cato,55,50,45,23
12589,Emmanuel Cavalleri,50,40,50,24
11505,DAVE CAVAZOS,60,50,30,25
15478,Ilija Celebic,65,45,40,19
16583,Jonathan Chavarria,45,35,45,18
17111,Miguel Chavez,45,80,30,16
9323,Sandy Chavez,50,20,50,30
13533,Gilles Checchinato,45,30,45,22
13713,Dong-chan Cho,45,45,45,23
15517,Jun-hun Cho,45,45,50,19
14021,Hyun-il Choi,55,30,45,22
16409,Oh-min Choi,50,35,60,21
10850,Danny Churchill,40,40,55,30
14441,Livio Ciaravella,45,30,50,20
12327,Radoje Cicic,45,45,45,28
9197,BRENT CITO,50,35,40,30
12904,Tomislav Ckrebic,80,30,45,23
11988,Glenn Claessens,50,45,45,24
13476,Brian Clark,50,25,55,23
11802,Bryan Clark,80,25,45,25
16707,Bailey Cleaver,40,45,45,17
14059,Norman Clow,50,25,55,23
12235,Luigi Collard,45,40,50,24
10717,CARLOS CONTES,55,50,40,27
10536,Jordan Cooke,50,35,45,27
12946,KEN CORBIN,50,45,45,26
7221,TOMÁS CORDERO,45,45,50,36
15165,Jamie Cormack,35,55,55,20
7815,Francisco Coronado,40,50,45,34
16309,Rodriguo Corteso,35,55,55,17
14459,Justin Cosgrove,50,35,45,19
17003,Jason Cote,35,75,50,16
11475,JESUS COTTO,60,40,45,25
11014,TIM COZZI,50,40,35,25
17109,Brian Crawford,55,60,45,16
13047,Shaun Crouch,45,50,40,22
16403,Teddy Crutcher,50,40,55,18
14175,Luis Cruz,45,35,45,21
8033,RICKY CRUZ,50,40,35,33
11340,Lewis Curry,50,35,50,28
15045,Pacu Curuvija,40,50,45,19
14737,Melchiore Dabell,45,40,45,21
10615,CAMERON DAHL,55,35,45,26
12410,BRODY DALLE,50,45,45,23
12477,Brayden Dalley,45,45,50,24
11538,ADRIAN DAVIES,70,25,60,26
17624,David Davis,45,60,40,14
17611,Jayden Davis,45,55,40,15
15900,Harry de Bruijn,55,55,35,19
15068,Reuben de Leeuw,40,50,75,19
12227,Ewan de Vet,45,70,45,24
17176,Cor de Wilde,50,35,55,16
15547,Onne de Wit,35,70,50,19
13364,Ray Deckers,50,45,45,22
12677,Rogelio Degadillo,80,30,45,25
16544,Rafaello DeGiovanni,45,65,40,17
12159,Moses Dekker,55,30,45,25
11879,Michael del Carmen,50,50,50,25
11373,Tony Delgado,50,55,45,29
12362,MAXIM DERKSEN,55,40,45,23
16540,Corey Devon,50,20,80,17
14702,Juan Diaz,30,45,55,21
14598,Dan Dicks,45,35,55,19
16197,Teko Diepstraten,80,40,40,23
9763,Shane Dillenburg,50,45,45,29
8190,Jeff Dittmar,45,50,40,34
13141,Jovan Djorovic,45,55,55,23
13982,Borisav Djukanovic,50,40,50,22
12434,SLAVKO DJURDJUVIC,75,40,45,23
15917,Katsuhito Doi,45,75,45,19
13858,John Dominey,45,55,50,21
14472,Laurente Dorso,50,35,45,20
11453,TOM DOTINGA,55,45,40,29
9972,BILL DOUGHERTY,50,35,55,34
15290,Isaac Downing,40,40,65,20
10965,CHRIS DOYLE,55,35,45,24
16171,Bernie Drader,50,55,40,27
13392,Harry Drost,70,20,50,22
14346,Ljuba Drulovic,50,50,50,21
11886,Ratko Drulovic,55,45,40,25
10675,Sibrand Dubbeldam,50,45,40,27
15967,Herbert Duff,40,65,50,19
13103,Allen Dunbar,80,25,50,22
13550,Daniel Dunn,45,40,65,23
11054,Eddie Duran,50,45,35,27
11053,Lionel Durante,65,35,45,26
11617,ISAIAH EDWARDS,45,45,50,24
12307,MIKE EDWARDS,45,45,50,24
16303,Jake Ehlers,50,40,45,17
10645,Masahiro Endo,45,45,45,27
11259,Cooper England,65,55,40,25
15673,Harvey Englund,60,45,35,18
13255,Victor Escobar,55,45,45,23
14997,Rafael Esparza,45,45,45,23
14553,Waldo Espinoza,50,30,60,20
12397,MANNY ESTRADA,55,45,35,22
14342,Muhsin Fadil,35,50,55,21
14823,Zayd Fakhiri,50,40,50,20
11800,ABDUL-NASIR FAKHRY,50,55,30,24
14584,Tiziano Fantini,80,50,25,20
14079,Safwan Fawwaz,40,55,50,22
13264,Corbin Fayard,45,35,50,23
16950,Rodolphe Fede,45,45,60,15
13793,TIMMY FEENSTRA,40,50,45,23
12194,Ricky Felix,60,30,50,24
13215,Victor Felix,60,50,40,23
11588,RYAN FERGUSON,50,50,45,24
8492,PETE FERGUSSON,45,45,45,31
10702,Hugo Fernandez,50,40,40,27
15826,Mario Fernandez,35,60,55,18
14216,Lucan Ferraris,45,30,55,21
10561,ALLEN FESS,50,30,40,26
12089,Jayden Fielding,45,45,55,24
12846,Ricardo Figueroa,55,50,50,24
13856,Jai Flemming,45,60,40,20
12911,DAVE FLORES,40,70,35,24
14037,Jesus Flores,55,25,70,21
13335,Jesus Flores,60,30,45,22
16473,Ricardo Flores,70,40,45,17
17675,Henry Ford,60,55,45,15
15039,David Foreman,35,45,45,18
15116,Josiah Foster,50,45,45,19
12620,Rex Fouracre,45,60,50,24
14754,Harry Fowlow,35,40,50,21
8443,CALEB FOXWORTHY,60,35,50,34
14182,Israel Franco,45,50,45,22
14706,Gerry Frew,40,35,50,21
14360,Roberto Fujii,55,45,40,21
13214,SHIGEM FUJITA,45,50,50,24
12010,Pino Funicello,50,30,40,25
16301,Ricky Galindo,70,45,40,17
14973,Eddie Gallardo,40,45,55,20
13800,Jon Gallegos,55,40,65,22
17659,Rodolfo Galvez,50,40,55,15
13711,Cruz Gamez,40,35,75,22
14799,Isaias Garcia,40,55,55,20
13929,Rafael Garcia,35,30,50,22
12494,Ruben Garcia,50,25,75,24
15582,Willie Garcia,40,60,45,19
13561,Brendan Gardner,45,40,35,23
12326,JOEY GARDNER,50,35,40,24
10969,JASON GARNETT,65,45,45,25
15856,Nick Gaspard,40,45,40,18
14411,Eric Gates,45,30,45,24
15862,Mark Gaudet,40,35,55,18
8905,Martin Gilbert,50,45,40,32
11828,Dan Gilles,50,50,30,25
11679,ADRIAN GILMORE,60,55,40,26
12081,Angel Gonzalez,50,35,50,25
13224,David Gonzalez,70,30,40,23
10953,JOHN GONZALEZ,70,45,45,25
15611,Wouter Goor,45,50,40,19
9793,JORDAN GORDIAN,50,45,45,30
16231,Tadasuke Gorgulha,45,40,55,18
13525,Dobrica Gorkic,40,45,60,23
14965,Lloyd Gould,45,40,50,21
13402,Adam Gray,50,45,40,22
15018,Dan Griffin,50,70,40,23
11673,KEEHAN GRIFFIN,50,50,45,26
9081,BRETT GRINE,50,40,40,31
14022,Borenko Grol,55,35,55,21
16545,Daniel Guerra,40,45,55,17
14410,Carlos Guerrero,50,45,35,20
9577,NICK GULLEY,50,40,50,30
11754,Landon Gunn,50,45,40,24
16208,Ricardo Guzman,70,25,40,19
14575,Brayden Hagerty,45,40,50,20
14495,Kelby Haggart,45,45,50,20
10842,BRYAN HALL,50,40,45,27
9486,JOSH HALL,50,35,35,33
13320,Jafar Hanif,55,40,50,21
14544,Martin Hanlon,65,30,60,20
16466,Takehide Haraguchi,65,65,35,17
12299,YASUFUMI HARAGUCHI,60,25,50,24
13362,Nate Hardin,55,45,50,22
17207,Joe Hardwick,45,40,70,17
14704,Douglas Hare,50,60,45,21
16243,Andy Harting,45,35,50,22
15095,Brad Hash,70,35,45,19
15040,Aaron Hass,45,40,45,19
13142,Appolonius Hayek,50,50,35,23
14579,Dan Haynes,35,75,45,19
10617,ANDREW HAZEL,75,35,45,27
15522,Aaron Hefner,50,35,40,18
15667,Harm Heijkamp,45,30,55,18
10562,SEAN HENDERSON,55,40,60,26
14597,Bernie Hernandez,55,55,40,19
7961,ERNESTO HERNANDEZ,50,55,40,33
12909,Juan Hernandez,40,50,50,23
12978,AARON HERRICK,80,25,40,26
10506,Marcus Hewitt,55,45,45,27
12471,Teddy Hewson,55,45,40,24
12622,Ryuki Higuchi,45,35,50,24
10608,Cody Hillock,50,55,45,26
11114,Travis Himes,40,45,50,27
11592,MANATO HIRA,40,40,55,24
11996,Sukenobu Hirasawa,50,40,40,25
11408,Trevor Hiscock,45,40,50,30
12413,JEFF HOBBS,50,40,45,23
11083,Remco Hoeksma,70,55,35,25
11805,Naohiro Honda,60,45,45,25
13341,Donny Hoogland,50,35,35,21
10845,Josh Houle,55,45,35,26
11421,MARK HOUSE,45,50,65,25
15007,Vaclav Hoving,45,45,45,23
16453,Jim Howard,80,35,40,16
15092,Walter Howell,45,55,45,19
15175,Tim Howling,50,50,45,20
13360,In Hu,55,35,45,21
9132,ERIC HUFFMAN,55,35,45,31
14532,Aldred Huisman,50,30,75,21
13879,Jafar Humam,55,50,30,21
11822,Jordan Ibarra,45,50,40,25
14663,Tetsuto Ichikawa,55,45,60,21
15580,Emiel IJzerman,50,55,35,22
11451,YUUCHI IKEDA,60,35,20,26
15027,Abdul-Qahhar Imad al Din,50,40,45,19
12561,Lachlan Innes,55,30,50,24
14309,George Jackson,45,55,35,21
14566,Cody James,50,35,70,21
14357,Seung-hwa Jang,50,40,45,21
14907,Gabriel Jaramillo,40,45,45,20
12031,Damian Jeffreys,50,40,45,25
12452,SCOTT JENSEN,40,65,45,23
15430,Dong-hwan Jeon,40,55,45,19
9587,TYLER JEX,50,50,50,29
14449,Wafiq Jibril,55,45,35,20
13818,Antonio Jimenez,50,30,55,25
15823,Ramon Jimenez,50,30,80,18
16454,Ki-heung Jin,45,75,40,16
11669,ELTON JOHN,75,25,45,26
13877,Shaun John,75,35,35,21
12281,GARRUS JOHNSON,75,40,45,24
16311,Ian Johnson,50,40,45,17
8416,John Johnson,40,40,65,33
14333,Dzevat Jokanovic,60,75,35,22
15204,Niko Jokanovic,45,55,35,20
15465,Lee Jones,45,55,50,20
13995,Stewart Jones,55,45,50,22
17615,Evan Jordison,55,55,40,15
12666,Joe Judson,55,30,55,23
13693,Joon-ho Jung,70,50,25,23
12219,Ki-seop Jung,50,35,35,24
15649,Jang-jin Kang,50,40,55,19
9324,Jung-hoon Kang,65,25,45,31
16252,Soong-yong Kang,50,45,50,17
13782,MATT KAUSER,55,40,50,23
14006,Dean Kay,45,30,45,22
14434,Paul Kean,45,50,45,20
12394,JONATHAN KEAVENEY,75,20,60,23
12361,CHRIS KEELIN,45,45,40,23
13185,DON KELLY,75,40,50,24
10599,NICK KENNEY,45,40,50,26
11485,WOUTER KERSTENS,50,45,35,24
16347,Hong-yeol Kim,45,35,80,17
14771,Hyeon-sang Kim,65,30,40,20
12942,HYUN-WOO KIM,45,40,50,22
15595,Hyung-hwa Kim,35,50,55,23
16637,Hyung-woo Kim,80,50,35,18
13761,In-sung Kim,55,45,35,22
14289,Jae-keol Kim,45,40,45,22
12680,Ji-hoon Kim,40,40,45,24
16091,Jin-ho Kim,50,40,35,19
11454,JIN-MAN KIM,50,45,40,26
16221,Jong-ho Kim,40,35,65,21
11911,Jong-ho Kim,50,50,45,25
16239,Joon-ho Kim,50,40,45,18
14641,Joong-hee Kim,55,35,45,21
14120,Min-soo Kim,55,30,55,22
16240,Moo-hyun Kim,40,30,50,22
11609,MYUNG-WOO KIM,70,25,50,24
17158,Seon-jong Kim,60,30,55,16
11950,Seong-hyeon Kim,60,30,55,24
17600,Seung-hyeon Kim,45,60,45,15
13914,SEUNG-KYU KIM,45,70,45,26
16951,Sun-min Kim,45,40,40,16
14347,Sung-jae Kim,55,45,40,21
15274,Sung-min Kim,40,40,60,20
15916,Mitchell Kimpton,35,60,60,19
11641,MASAKATSU KIMURA,55,55,45,24
14226,Dave Kinch,40,55,55,21
13259,Mitsuharu Kinoshita,65,35,40,23
11789,LOGAN KIPLING,45,45,50,23
11570,JOSH KNIGHT,50,40,50,24
10877,CORBIN KNIPPER,55,55,25,26
16052,Kyoichi Kobayashi,55,45,45,19
15594,Michiomi Kobayashi,70,30,40,19
13963,Shinichi Kodama,55,40,55,21
13456,Seiichiro Koga,80,35,45,24
11888,Yukio Kondo,50,40,45,25
11788,RUDKO KONTIC,60,35,50,23
13788,RIEMER KOPPELAAR,35,55,55,26
14615,Kunihiro Kubota,40,40,50,21
15573,Akeno Kudo,70,40,45,20
11718,ACA KUKCENJAC,50,50,40,28
11610,SRETEN KUKCENJAC,60,45,35,24
12967,JAE-HEE KWAK,45,45,50,23
15658,Lance Lake,35,50,65,22
15692,Jeremie Lambertini,50,50,50,18
13789,J.D. LANE,45,40,50,22
15038,Marino Lanfranchi,50,40,45,19
11722,KEVIN LANGILLE,55,35,40,28
8580,Robert Langrish,50,40,50,33
16539,Giandonato Lapaglia,60,20,45,18
13985,Ryan Larkin,50,40,45,22
15662,Jim Latham,80,65,20,17
12986,ROBERT LAUWERS,60,35,45,26
11023,GEOFF LEE,80,40,40,25
15062,Il-kyun Lee,45,45,60,18
16293,Jared Lee,45,75,45,17
11954,Jong-yeol Lee,50,50,35,25
12345,Joong-seok Lee,50,35,45,27
11483,KEN LEE,50,50,40,25
16940,Kyung-bok Lee,55,70,20,16
17612,Man-chae Lee,40,45,60,15
14661,Sang-cheol Lee,50,45,45,21
17087,Tae-yang Lee,50,40,50,16
13847,Yeong-sam Lee,50,40,55,21
13510,Yong-koo Lee,40,55,50,23
13019,Chet Legge,50,45,30,23
11675,GILBERT LELOUP,55,40,45,26
11725,ZHUO-CHENG LEONG,50,45,50,25
12713,Renaud Leopardi,55,55,45,23
11556,IAN LEVORATO,55,50,45,23
15739,Lyndon Lewis,80,35,45,18
12815,Tai sun Li,55,35,45,24
13860,Jose Licon,50,45,45,21
11831,Gabel Lijzenga,80,35,55,25
11711,CHRIS LING,50,50,55,27
15011,John Littlewood,60,50,45,22
11893,Shoji Llanttada,60,30,55,25
13229,Hughie Lloyd,50,40,50,22
14358,Cherles Lobo,55,30,50,21
13786,STEVE LOCKEN,45,50,45,23
13821,Bogdan Loman,55,50,45,25
13068,Leo Loman,50,50,40,22
13906,JOSE LOPEZ,45,30,45,26
13131,Luis Lopez,45,45,50,24
15336,King Louis,35,55,55,20
17657,Leon Loya,40,40,45,15
13812,Willis Lozano,50,50,40,25
11969,Karst Lubbers,55,45,40,24
13044,John Luckett,50,40,40,22
12395,PAT LUSH,60,70,30,23
15101,Ian Löwisohn,50,40,60,19
15072,Chuck MacAulay,80,30,40,19
13121,Luciano Maccioni,50,45,50,23
11757,DWAYNE MACDERMID,45,35,50,24
14995,Gerd MacDonald,55,35,55,23
14667,Jake Macgregor,45,40,50,21
11645,YASUMITSU MACHIDA,50,35,55,23
10655,Kyle MacIndoe,55,45,30,27
10002,JOHN MADIGAN,45,40,45,30
12458,Ersilio Maffi,75,25,35,24
16973,Ferdinando Maidalchini,55,45,45,16
10974,KEVIN MAJOR,50,50,40,24
11632,ZHU MAK,50,35,30,23
11779,GUILLERMO MALDONADO,60,40,50,24
12019,Juan Maldonado,45,60,45,24
16417,Dave Malloy,45,50,50,17
15789,Jarrod Malone,45,55,35,22
17103,Sung-min Man,55,20,70,16
15246,Rade Mandaric,50,45,45,20
14620,Vladislav Mandaric,50,55,40,21
12450,JUSTIN MANEILLI,55,30,45,23
14148,Ferdinando Mansi,50,45,35,21
14301,Antony Manton,50,35,45,22
14060,Gualtiero Marinis,50,45,55,22
11714,SERGIO MARQUEZ,45,30,55,29
11583,Matt Marr,60,55,40,24
14340,Carlos Marriott,70,30,55,21
14161,Estevan Marte,40,70,55,22
15713,Dane Martin,40,65,30,18
15013,Ian Martin,60,35,50,19
13449,Alex Martinez,70,30,45,22
14390,Bill Martinez,55,45,35,21
17027,Esteban Martinez,40,45,65,16
14114,Jesus Martinez,40,55,40,22
13042,Jose Martinez,50,35,40,22
14312,Mario Martinez,45,55,40,22
15063,Paul Martinez,65,40,35,19
12264,Tony Martinez,55,35,45,25
17642,Aaron Mason,50,45,50,15
13355,Carlos Mata,45,25,55,22
14078,Adam Mathieson,50,50,45,21
10966,CHRIS MATTHEWS,70,30,30,25
13114,Melvin Matus,50,40,50,23
12571,Juan Maya,50,40,45,24
13398,Shamar Mayfield,50,30,45,22
13886,Marcel Mazzolani,80,40,30,21
10098,Sean McBride,50,35,55,28
15703,Martin Mccarthy,40,45,55,18
8769,PHIL MCCLENDON,50,45,45,31
16956,Christopher McCullough,45,45,40,16
10997,JUSTIN MCGILL,65,45,45,25
11787,ED MCGREER,45,45,40,24
17662,Earl Meagher,80,50,40,15
10626,RUBEN MEASTAS,75,45,40,26
13524,Danny Medellin,50,45,40,22
13834,Ramon Medina,70,25,55,22
16483,Nelis Meijers,55,70,40,18
14219,Armando Mendes,45,45,60,21
13237,Joel Mendoa,55,55,40,23
10370,Tyler Messamore,45,40,45,27
9229,DAN METCALF,50,45,55,29
13814,Dan Meyer,70,65,35,21
10449,Kyle Michael,50,20,45,26
14001,Srdjan Mihajlovic,45,50,40,22
15728,Aleksandar Mijatovic,35,30,60,18
16546,Milojica Miletic,70,30,50,16
14339,Vuk Milkovic,80,45,40,21
10201,Adam Miller,50,50,45,28
11937,Marcus Miller,80,40,40,25
9236,STEPHEN MILLER,50,40,40,29
10579,Ross Miranda,55,35,45,27
16995,Nick Misner,55,45,40,17
13023,Riley Mitchell,60,45,50,22
12454,CHICO MITSUKURI,40,30,80,23
13466,Herman Moesker,45,45,40,23
9790,CARLOS MOLINA,45,40,55,29
13870,Ismael Molina,45,45,50,21
13105,Draza Moljevic,60,45,45,22
12836,Edouard Monasta,45,45,45,24
12874,Al Montoya,60,25,50,23
13941,Roy Mooney,65,40,50,21
14053,Harry Moraine,50,35,40,22
14371,Juan Morales,55,40,45,20
11479,TRAVIS MOREHOUSE,60,45,45,28
15590,Isami Morioka,80,35,45,18
15532,Kinya Morita,40,45,45,19
11330,Glen Morrall,60,45,45,25
9747,CHRIS MORRIS,45,50,35,28
13083,Jason Morris,80,25,45,22
8793,JAMAL MORROW,50,35,40,31
14189,Bryan Moseley,45,50,50,21
12627,Noah Moy,45,40,55,23
13958,Belarmino Mrtires,80,25,50,21
12869,Gervasio Mrtires,55,40,50,23
9545,CODY MURPHY,50,40,50,28
17152,Jeff Musgrove,50,45,40,15
13809,Yugi Muto,50,35,50,22
11537,DONG-HAK MYUNG,50,40,60,28
11826,Radovan Nacuk,50,45,40,25
12448,SOTAN NAKADA,55,45,40,23
13954,Constant Napoleoni,50,45,50,21
13772,Xavier Nattrass,55,45,45,22
12562,Carlos Navarro,45,50,35,24
13249,Dave Naylor,45,45,35,26
15730,Fahad Nazih,50,65,45,18
13947,Martin Newbold,80,40,35,20
15775,Guy Nichol,55,40,55,23
16406,Mart Nijsten,40,30,65,18
16308,Zaijiro Ninomiya,50,70,45,16
12044,Akihito Nishimura,50,50,45,25
15867,Bobby Noftall,50,45,40,18
16223,Neill Noij,50,50,45,22
13946,Josef Norder,55,35,40,21
12249,GEORGE NORMAN,50,55,30,23
10399,Warren Nunes,45,40,45,27
12078,Hurem Nusic,40,55,50,25
11580,HAYDEN O'CONNOR,70,30,50,24
13345,Kai O'Doherty,75,30,50,22
17628,Cecil O'Malley,65,50,40,15
16376,Charles Oakes,50,40,50,18
13574,Masato Oba,50,40,45,22
14802,Jose Ochoa,40,35,50,20
12359,Motochika Ogino,50,40,60,24
13299,Dae-hyung Oh,45,45,45,23
15029,Yukichi Okumura,50,45,50,24
11312,Manabu Okuno,55,35,50,25
17646,Shoji Okuno,45,40,55,16
7977,MATT OLSON,50,45,45,33
10716,Peyton Orr,50,50,40,27
11993,Moises Ortiz,55,35,45,25
12598,Glenn Oskam,70,35,40,23
13770,Milojica Ostrozinska,45,40,50,22
9583,ATSUSHI OSUMI,55,40,50,29
9165,Garett Ottaviano,45,50,40,30
11217,Randy Overwater,50,40,60,25
15034,Alberto Pacheco,45,40,65,23
13878,Carlos Pacheco,45,70,45,21
14746,Danny Pacheco,50,70,35,21
15771,Alex Padilla,50,40,50,24
7592,Ken Pagel,50,45,50,34
10961,Chris Palladino,50,65,45,25
9993,Mike Palmer,55,60,35,34
16064,Lachlan Pankhurst,55,75,35,19
13388,Hyo-kon Park,45,40,50,22
11236,Tae-geun Park,50,45,45,26
12259,TAE-KON PARK,50,35,50,23
8363,AARON PARKER,50,55,35,32
17567,Bob Parra,45,30,75,20
14452,Felipe Parra,50,45,45,20
16959,Lance Parrish,40,30,60,16
16213,Paulino Pascoal,65,25,50,22
15843,Nenad Pasic,65,45,45,18
13945,Simone Pastaneira,45,55,45,21
10801,Greg Patrick,45,30,45,31
13393,Jonathan Patrick,50,45,55,23
10913,NORM PAWLUS,50,60,35,26
17144,Lenny Pawson,45,45,45,16
13989,Gerard Peacock,45,45,50,22
9090,BRANDON PEARSON,50,30,55,30
15828,Roderick Peckham,50,40,50,18
9754,KYLE PEDERSEN,50,45,50,28
11519,BEN PEDUTO,50,45,50,28
15726,Joshua Peet,40,55,65,18
17106,Lee Peet,35,45,60,16
15740,Glen Pellerin,35,50,60,18
13369,Tom Pelley,45,60,45,22
17665,Wayne Pelley,45,60,30,15
11007,MYRON PENNINGTON,65,35,40,25
15633,Milos Peric,50,55,40,20
15634,Niko Perisic,45,40,60,18
15268,Vasa Petrovic,60,40,50,20
12925,ANGELO PICHARDO,55,55,30,27
11921,Andy Piercey,55,40,55,25
15729,Jonathan Pinkley,55,30,40,18
11019,CASEY PIPER,50,30,60,25
16571,Ryan Pitts,40,35,80,16
11430,DAN PLANTE,50,40,50,30
14635,Douglas Plug,70,25,50,21
13399,Donnie Poor,70,40,45,21
14552,Johnathon Potter,60,35,50,20
15562,Ron Povey,45,30,55,20
14916,Hayden Pringle,55,40,30,21
10422,Nicholas Printz,50,40,50,26
13327,Luke Prokopec,50,45,45,22
14366,Sinisa Prpos,45,30,65,21
16408,Robby Pruett,45,75,35,17
12217,Jovica Pupovac,45,55,45,24
11611,HAMZAH QASIM,65,35,55,24
12884,Jorge Quinones,65,35,50,23
11392,Nawaf Rafi,50,40,50,29
11605,Kyle Rakes,75,40,45,24
15097,Nikola Ralevic,45,35,40,19
15936,Carlos Ramirez,70,30,65,18
14687,David Ramirez,40,40,50,21
13971,Efrain Ramirez,55,40,55,21
14393,Emilio Ramirez,55,45,60,21
11935,Jorge Ramirez,45,40,50,25
11991,Juan Ramirez,55,50,50,25
10690,Luis Ramirez,50,30,45,26
11620,AARON RANKIN,55,50,45,24
13813,Paul Rathwell,50,50,35,25
16346,Matt Raye,55,35,40,17
11783,MARCEL REALE,45,50,50,24
13382,Rolf Redman,45,30,65,21
14498,Peyton Reichert,45,35,50,20
12643,Waldemar Reinders,60,30,50,24
11121,Jordan Rendon,55,35,70,27
14536,Tim Renfroe,60,20,50,21
13804,Jamie Reynolds,45,45,45,22
15579,Zachary Rickard,70,30,55,19
12959,HORST RIJNEVELD,80,30,35,23
11727,ROGER RILEY,50,55,45,28
13896,Ricky Rivera,50,50,45,20
10938,STEPHEN RIX,45,45,50,26
14141,Matthew Robert,45,80,40,22
13135,Mick Roberts,35,25,60,23
16468,J.J. Roberts Jr.,65,55,30,17
13897,Bobby Rock,45,50,50,21
17122,Dave Rodriguez,45,35,80,16
11005,JORGE RODRIGUEZ,55,40,45,25
10976,MARK ROGERS,50,45,45,25
17008,Sam Romaine,55,30,80,16
17647,Manny Romas,55,35,35,15
15978,Luis Romero,50,45,55,19
12735,Salvatore Rospigliosi,50,50,30,24
11417,MAXIMINO ROSSITO,55,30,45,26
17178,Bill Rowsell,55,45,40,16
14487,Ed Rowsell,65,40,35,20
12593,Mannus Ruijter,50,30,65,23
12957,JAVY RUIZ,50,40,45,25
11795,JOSE RUIZ,60,30,55,24
11809,Leo Ruiz,50,30,55,25
13921,Foppe Rutte,45,45,65,22
11334,Miklas Rutten,45,55,45,31
14178,Antar Sadaqat,40,45,45,22
12717,Duilio Saia,50,30,60,23
16344,Hiroki Sakamoto,55,45,40,17
12012,Yoshiharu Sakamoto,50,40,40,25
14751,Kosho Sakata,65,55,40,20
15026,Umayr Salah al Din,50,40,50,19
13688,Denny Salcedo,45,45,45,22
13983,Jose Salvatierra,55,40,45,22
17184,Murtadhy Sameer,50,45,55,17
12834,Sean Samuels,50,35,45,24
14643,Carlos Sanchez,45,50,45,21
15117,Jose Sanchez,40,35,65,19
12792,Danny Sandoval,45,55,40,24
11945,Pamphile Sanguinacco,45,35,55,25
15631,Flavio Sanguinetti,50,25,75,22
14405,Arnáo Santarm,45,30,55,24
15736,Ernesto Santiago,40,50,50,18
12393,CHRIS SARGENT,40,35,55,23
10947,EKO SARTIKA,50,40,45,26
12921,KOICHI SASAKI,60,35,50,24
11555,TEINOSUKE SASAKI,45,25,55,28
12711,Juan Sastre,45,45,45,25
12848,Yoshii Sato,50,45,55,23
16324,Abdul-Qadir Sayyar,80,35,50,17
15790,Roger Scarlett,65,40,30,23
16981,Gerard Schipper,40,50,55,15
9109,MARK SCHLOBOHM,40,40,45,34
12229,Job Schoenmakers,70,45,40,24
11997,Jeroen Schouten,50,40,45,25
13242,Moritz Schouten,80,35,50,23
17644,Denis Schregardus,70,45,35,16
10634,Doug Schueller,55,35,55,26
8273,SEAN SCHWARTZ,45,50,45,32
13475,Carlton Scott,40,50,55,23
13302,Ammar Seif,65,25,40,23
12741,Jovan Sekulic,55,20,50,24
13081,Bruno Sells,50,50,45,22
15104,Gerard Selman,75,30,50,18
12684,Jin-ho Seol,50,30,50,24
15717,Seung-jin Seol,45,40,45,18
16002,Armando Serna,45,50,35,19
13530,Alex Serrano,55,30,70,23
10600,BOBBY SETTLEMIRE,65,45,40,25
9353,Randy Shapiro,65,35,50,34
13485,Stewart Shaw,50,40,50,23
8574,Romeu Shellim,50,45,35,33
14443,Dave Shore,50,55,40,20
16532,Omer Siegersma,45,35,50,17
14435,Oscar Silander,80,45,35,21
15152,Alex Silva,55,35,40,20
9610,JOHN SILVA,60,40,50,28
16400,Alan Simmons,70,50,40,18
17016,Jermaine Simpson,75,80,30,16
9722,KYLE SJOERDSMA,50,35,40,29
9206,BEN SMITH,45,35,40,29
10427,D.J. Smith,50,45,50,27
16397,John Smith,50,55,40,23
13281,Lee Smith,40,45,45,26
11558,MIKE SMITH,80,45,40,24
10967,TONY SMITH,50,30,45,25
14716,Sandoval So Romo,50,50,45,20
16162,Carl Sogliano,40,50,50,18
12907,Miguel Solis,45,35,45,23
16312,Mario Soliz,60,25,65,17
16933,Seung-woo Song,40,40,70,18
14520,Andy Spicer,55,25,45,20
10140,RYAN STACEY,50,45,45,28
14057,Borenko Stambolic,35,45,55,22
16942,Tim Standley,50,30,75,16
11003,COREY STEGALL,75,45,40,25
15767,Nelis Steunebrink,40,55,50,20
13328,Rudko Stevic,50,40,40,22
13069,Chris Stewart,50,60,45,21
12305,IVICO STOJADINOVIC,50,55,40,26
9734,DWIGHT STOKES,45,60,45,29
12243,SCOTT STOKES,45,50,55,23
12886,George Storey,65,45,45,22
11429,CAMERON STRACHAN,45,35,50,28
12083,Ciro Strambi,45,45,50,24
12333,BILLY STRICKLAND,55,50,45,27
15061,Arend Struik,40,45,65,19
17071,Brock Stubbs,45,50,40,17
12415,RIC STUFI,60,40,40,23
14561,Angel Suarez,45,50,40,20
13969,Seth Sutton,45,50,45,21
15614,Fumio Suzuki,50,35,50,19
13096,Killian Swyers,45,35,50,21
14451,Andrew Sylvester,45,50,50,20
11676,RYUZO TABUCHI,45,45,50,25
14090,AntoÕio Takahashi,50,25,50,22
13600,Gary Talbot,45,45,50,22
11716,ADRIÃO TANAKA,50,40,50,27
12877,Fujio Tanaka,45,45,45,23
13892,Hiroya Tanigawa,50,50,45,21
10507,William Taylor,55,45,50,27
10715,Lauren Teekens,50,30,60,26
11881,Rade Telacevic,45,40,55,26
12656,Hadde ten Veen,45,70,45,24
10612,NICK TESORIERO,45,30,60,26
12077,Roy Thompson,50,50,50,25
14630,Vic Tibbles,80,30,50,21
14545,Joe Tinter,45,45,40,20
15098,Gus Tippett,50,65,35,18
12086,Theodore Tippett,55,40,60,24
14248,Geomar Tiscorinia,55,35,45,22
15048,Kurt Tobin,60,50,35,19
12600,Ryoji Toki,45,50,50,24
13240,Lenny Tomkins,50,40,40,26
14659,Joram Tonkes,45,40,65,21
11413,DAVE TORRES,55,45,30,26
16538,Noboru Toyota,45,35,75,16
15706,Alex Trejo,55,30,55,18
17004,Clay Trottier,40,35,80,16
16395,John True,60,30,45,23
11080,Takayasu Tsukamoto,50,35,45,26
15022,John Turpin,55,30,40,20
11235,Shigeki Ueno,50,40,40,26
10391,Eddie Uriostegui,50,50,45,27
12023,Mannuell Uso,50,30,70,24
10516,Garrus Vakarian,50,50,45,27
16419,Sergio Valdez,50,50,45,17
9462,Jon Valenzuela,40,30,65,30
13815,Mike Vallen,45,30,45,22
16573,Kennet van Damme,40,40,45,17
16986,Jemke van de Louw,70,30,45,17
16262,Chris Van de Water,45,30,60,18
15792,Constant van den Bogaert,75,35,50,23
16325,Dobbe van den Dikkenberg,75,25,45,18
12937,KELLY VAN DEN HOED,75,30,50,22
12855,Ole van den Hoogen,45,50,55,23
16200,Otton van der Horst,45,30,65,22
14782,Malcolm van der Poel,40,75,40,21
14748,Otte van Ingen,40,50,45,21
11329,Quido van Kampen,40,45,75,25
14595,Ryan van Kampen,45,45,45,20
13333,Habbo van Rooijen,60,40,35,22
13746,Ab van Soest,60,45,45,23
13781,ROB VAN ZANTEN,50,40,55,26
16932,Pablo Vaquera,45,35,60,20
15778,Vinny Vargas,50,50,50,22
13132,Braz Varino,40,55,50,23
16817,Murat Vasiljevic,70,30,40,18
13049,Tony Vasques,45,45,50,22
16596,Alex Vasquez,40,40,50,18
10831,Juan Vasquez,50,35,55,30
15525,Omar Vasquez,45,50,50,19
13080,Jeremy Vasseur,45,50,40,22
16207,Dante Vercesi,65,45,45,19
11331,Marcel Verkleij,55,40,65,25
12373,Reginald Verschuur,70,40,45,23
12201,Branislav Veselin,45,50,45,25
11494,EDWIN VILLALOBOS,60,50,45,25
12996,VICTOR VILLARREAL,45,50,45,26
12603,Jesus Villegas,50,40,45,24
15723,Matthew Wantuch,45,45,40,19
16967,Yudai Watanabe,45,40,65,16
13767,Gilbert Waterman,50,35,45,22
16255,Ryan Waterman,40,80,35,17
17018,Justin Watkins,55,35,45,16
15511,Marvin Watson,45,50,35,18
10590,JOE WEIGEL,60,35,50,25
13251,Maurice Wells,45,40,45,25
8667,Nick Welty,45,50,45,36
14582,Kieron Whalley,40,70,45,20
16385,Dean Wheeler,45,35,45,18
10405,Jason White,45,35,45,28
9139,JOSEPH WHITE,45,45,40,34
16277,Samuel White,55,30,50,17
11684,KYLE WHITTLE,45,45,50,30
15156,Will Wicks,50,50,55,20
12490,Per Wiegersma,40,70,45,24
12981,STEVE WILBUR,45,50,45,26
14831,Aidan Wilkes,65,55,35,22
10636,JEFF WILLEMS,80,55,25,26
10987,DANTE WILLIAMS,65,45,45,25
10832,Isaiah Williams,50,40,50,27
13790,KYRAN WILLIAMS,50,30,65,26
15691,Rick Williams,75,50,40,18
17583,Tom Williams,45,70,40,20
13356,Jay Williamson,40,45,65,22
16555,Elliott Wilson,40,50,55,17
11013,CHIRA WINN,65,45,35,25
16214,Matt Winter,50,45,50,22
15647,Bill Wise,65,45,45,19
11942,Warren Wonnocott,50,45,45,25
16564,Jeremy Wood,40,50,50,17
15907,Graeme Woodruff,45,45,45,19
11544,ELIJAH WORTHY,45,35,60,28
12403,BENNY WRIGHT,45,45,40,23
13099,Don Wyatt,55,35,45,22
17013,Eiju Yamamoto,55,70,40,17
11607,JOHN YOAKUM,60,25,65,24
14593,Kunifusa Yokoyama,50,45,45,20
12436,SEUNG-JAE YOO,45,45,55,23
17616,Alvin York,40,30,50,15
14469,Taro Yoshioka,80,40,35,19
10950,JIM YOUNG,50,30,45,26
17576,Lewis Young,40,45,45,20
13935,Lee Younker,60,45,35,22
17100,Shelley Yuhas,55,45,40,16
14709,Ata Yushua,50,40,50,21
11578,Edwin Zapata,70,30,50,24
13538,Hamid Zuhayr,50,25,50,22
13575,Asim Zukic,45,30,45,23
15863,Dusan Zupljanin,45,35,75,18
12572,Danny Aceituno,40,25,45,24
11051,Jae-woo Ahn,45,25,35,26
14921,Min-kyu Ahn,50,20,30,21
17617,Dwayne Anderson,40,45,30,15
12900,Vinny Andrade,55,25,40,23
11890,Milan Andric,50,30,30,25
12654,Francisco Armendariz,45,40,40,24
14546,Oscar Attard,50,35,25,20
11286,Jesse Auger,50,40,30,25
12702,Vic Avalos,45,40,25,23
14772,Paolo Avanzi,65,40,20,21
17574,Bill Avison,40,45,40,20
13868,Yunus Aza,50,30,20,21
12453,ASIM BABIC,55,20,30,22
15559,Cyrille Bacardi,45,25,50,23
14013,Graciano Bacelar,45,30,25,22
15876,Isra'il Bahiyy al Din,50,55,30,18
15446,Marcel Baldato,40,40,45,21
14578,Troy Bates,45,30,40,20
14647,Sanho Belino,45,45,35,21
12377,TONY BELL,60,25,35,23
12724,Rafael Bellett,35,55,45,23
13978,Zion Benford,50,25,40,21
15053,Omar Bermudez,45,25,35,18
13162,IVAN BERNAL,60,30,45,28
15158,Sergio Berrios,40,40,50,20
14176,Chris Beveridge,50,25,45,22
12504,Ratib bin Afeef,40,35,45,26
13138,Ubaydah bin Azhar,50,30,40,23
16941,Abdul-Mu'izz bin Baha,40,40,20,16
12514,Hanbal bin Dharr,45,45,35,25
12688,Isam bin Dharr,40,45,40,24
15265,Altair bin Fadil,40,30,25,20
12703,Kaden bin Faris,50,55,30,23
15275,Humam bin Harun,50,50,25,20
12054,Umayr bin Houd,50,30,35,24
12849,Nuri bin Kamal,50,30,40,23
11729,HUD BIN KARIF,55,40,35,28
14950,Nazih bin Khaldun,40,45,25,21
12405,ABDUL-GHAFUR BIN NAWAF,55,30,45,23
12241,George Black,40,40,40,24
14096,Juan Blancas,45,25,20,21
13502,Wijnand Blauw,35,45,50,23
12746,Keith Blondell,45,40,40,24
10638,DEVIN BLUME,50,25,30,25
10823,SEAN BLUNT,40,20,40,30
15081,Macèo Boldrini,40,30,50,19
14508,Louie Bolt,45,40,25,20
12646,Eligio Bottesini,45,30,50,23
17023,Matt Boucher,50,30,20,15
12872,Emir Boulos,40,45,30,24
15318,Rhys Brear,45,25,35,19
13219,Joe Bryant,70,20,40,27
12493,Victor Burgos,45,35,35,24
14895,Luis Bustos,40,50,45,21
12334,ORLANDO CABRERA,45,20,40,27
11907,Yoelbi Campinho,45,45,35,25
13710,Carlos Canchola,50,25,20,23
13340,Vicente Cantu,45,30,30,22
14167,Juan Carmona,45,50,30,22
12090,Gennarino Carnascialli,55,45,35,24
14353,Frank Carrasco,50,40,40,21
12674,Mike Carrion,45,35,35,24
14035,Willie Carrola,50,25,45,22
12006,Lílian Cassadora,50,40,30,25
11768,PABLO CASTANEDA,45,35,45,24
12621,Francisco Castruita,40,35,40,24
10894,ADAM CAVE,45,30,25,26
15675,Julian Ceron,40,45,40,17
14892,Miguel Charro,45,25,20,20
14958,Bobby Chavez,35,45,35,20
12966,DAVID CHAVEZ,35,30,45,23
14334,Francisco Chavez,55,50,30,22
13513,Marius Cipriani,45,25,20,22
14797,Rodolphe Citti,50,35,40,20
12824,Pablo Clark,40,25,40,24
13791,MATT CLAYTON,35,40,40,26
12885,Bradley Clow,45,40,45,24
16226,Dermott Cole,45,40,40,21
12662,Joseph Coll,55,30,40,24
16321,Oisín Collins,45,30,55,17
15088,Jose Colunga,55,40,30,19
14596,Rick Connett,50,25,45,20
15608,Fabroni Corbucca,45,30,30,19
14423,Ernesto Cordova,50,35,45,25
14250,Calvin Cornell,50,25,40,21
13589,Bastien Cottolengo,45,40,30,22
14571,Dermot Cox,80,35,20,19
11811,Gordon Crabtree,45,30,25,25
17634,Francisco Cruz,45,40,30,15
14796,Gertrudes Cruz,45,20,25,21
14127,Ostoja Cubrilovic,30,25,40,22
13124,Pat Cunningham,45,30,40,23
14063,Connor Curtis,45,20,50,22
13305,Cody Cyr,35,45,20,22
13213,CESAR DE LEON,45,30,45,24
14690,Willie de Leon,30,30,45,21
14528,Brad Dehn,50,40,40,24
13363,Edwin Deniz,35,45,30,21
17602,Austin Dethridge,50,30,45,16
15334,Maurice Devereux,80,35,25,19
14169,Hussein Dharr,45,50,30,22
14515,Sean Dial,60,30,20,19
14649,Santiago Diaz,45,45,45,20
13110,Dave Diego,45,50,25,23
13086,Chris Dixon,45,45,40,22
14392,Aca Djuretic,50,40,35,21
14350,Ljuba Dobrica,40,35,35,23
13235,Quentin Donalds,40,40,40,23
14807,Damian Dowling,50,75,20,20
11576,ROBBY DROHAN,35,35,40,24
17658,Ryan Duckworth,40,30,30,14
14480,Alfie Duke,55,30,35,19
15132,David Durand,30,35,50,20
16234,Don Eacott,30,50,50,18
14071,Jörg Ebner,50,25,30,22
13536,Alex Escalante,40,45,45,23
12690,Cássio Esqueira,45,30,40,24
10641,ALEC EVANS,50,40,35,27
15682,Kaliq Fakih,20,40,75,18
11970,Callum Farrow,40,35,50,25
15269,Arwarh Fatin,45,40,20,19
10652,Cleto Favela,60,25,30,27
15585,Jonas Feitor,45,50,35,23
15240,Ray Fell,50,40,30,20
14455,Joseph Field,45,35,35,20
17667,Scott Fletcher,45,30,20,15
12779,Albert Flores,40,45,40,23
13763,David Flores,50,35,40,22
14238,Joey Foster,45,45,30,22
15668,Henry Fox,45,55,20,18
13490,Aquiles Francisco,45,45,20,23
12003,Miguel Franco,50,25,30,24
15553,Keiran Frew,45,25,50,23
13262,Chris Frey,40,40,35,27
12956,CLARROS FRONTOURA,50,45,30,26
13238,Roberto Fuentes,45,30,45,24
14683,Yonetoshi Fujii,50,25,35,21
14032,Nori Fujimoto,45,45,40,22
15518,Nobuya Fujimura,40,50,35,18
15625,Chris Fuselier,45,50,35,19
13838,Ignacio Gamez,55,40,20,22
13833,Esteban Garcia,40,30,50,21
14669,Jorge Garcia,45,25,20,20
13357,Cody Garver,50,40,40,22
14727,Jesus Garza,40,40,45,21
14803,Benno Geiberger,50,35,20,20
14181,Carlos Gerlach,40,45,40,23
15172,Silvio Ghezzi,50,35,35,20
16244,Chris Gibson,55,35,35,21
15989,Danny Girard,45,45,30,19
17075,Jesus Gomez,45,30,40,21
14483,Desidério Gondar,45,30,35,20
12686,Raul Gonzales,45,20,25,23
15012,Manuel Gonzalez,40,40,40,23
13439,Willie Gonzalez,40,25,50,23
15785,Lyndon Gosden,45,50,35,22
13859,Quitério Goyoneche,45,40,35,20
14481,Jared Grappone,40,45,35,20
15146,Patrick Guillot,50,30,20,20
17594,Pedro Gutierrez,35,35,60,16
12882,Ricardo Gutierrez,50,35,35,24
15549,Malachi Hairston,40,35,45,20
12871,Oscar Halley,50,50,30,23
10975,JOE HARDING,55,40,20,25
13035,Tony Harding,50,45,35,22
15853,Kevin Hardy,45,45,35,18
13372,Jerry Harkness,45,20,60,22
14781,Brad Hart,45,40,35,20
15724,Muaz Hatim,40,40,45,19
17175,Austin Hawkins,40,65,30,16
11559,ED HAYDON,50,45,35,24
14989,Graeme Hemingway,50,25,20,20
15637,Luis Hernandez,35,30,35,22
15570,Carlos Herrera,40,40,45,23
13756,Santiago Herrera,50,20,50,22
13719,Brayden Hewat,40,30,35,23
13352,Chris Hewett,50,30,45,21
13221,Jose Higuera,50,30,40,26
9651,Nate Hildebrand,45,45,40,34
14438,Brad Hogan,55,30,35,20
13887,Travis Howard,45,20,30,21
16574,Eddie Howe,50,30,35,16
13535,Mario Huerta,50,45,35,23
17143,Kohji Inaba,45,35,30,17
12889,Steven Ivanov,50,20,35,22
16465,Ajani Jackson,50,35,35,17
14603,Cecilio Jacquet,50,45,25,20
14426,Gavin Jenkins,50,55,40,21
15646,Sung-hoon Ji,50,35,35,19
12636,Stephen Jones,60,40,25,24
14535,Tony Jones,55,20,50,24
15742,Dong-joo Jung,50,35,35,18
12520,Kadeer Kadeer,50,30,50,26
16972,Shigeyori Kai,45,25,45,16
13148,Graciano Kains,40,45,40,23
14780,Ljuba Karadzic,60,40,20,20
13395,Tsukasa Kato,45,35,40,21
13894,Junjiro Kawano,35,30,40,20
14297,Hee-ho Kim,55,25,40,21
15490,Hwi-jeung Kim,50,50,35,19
14144,Jong-su Kim,55,50,20,22
14109,Joon-ho Kim,55,35,40,21
13599,Kyu-min Kim,55,40,35,22
11806,Seong-ho Kim,50,45,35,25
10985,KEITH KLEIN,45,40,30,25
14555,Tim Knapp,50,30,25,20
13247,Tae-shik Ko,40,45,45,23
13171,BENJAMIN KOK,50,20,45,28
17671,Joeri Kooi,40,35,20,14
15094,Luke Lachance,65,30,20,18
12451,COLIN LAURENDEAU,50,45,25,22
12731,Do-hyung Lee,50,35,40,23
14990,Dong-min Lee,80,30,20,21
16174,Joong-hee Lee,40,30,45,26
10669,Sung-ho Lee,50,35,40,26
15279,Brian Leijs,40,45,50,20
11426,ELDON LEMESSURIER,50,30,40,26
10962,VICTOR LENZY,50,45,25,24
15001,Lachlan Leonard,50,35,35,23
13845,Steve Libertini,45,40,35,21
15804,Valentin Lobatos,55,45,30,22
11846,Marcus Lois,45,40,40,26
14018,Henry Loudon,55,40,35,22
14778,Gus Luna,55,30,20,21
11930,Alfredo MacDonald,50,25,35,25
13753,Eugene MacDonald,45,45,40,22
12699,Jose Machin,50,25,25,24
16027,Henry Mackay,50,40,35,19
13332,Baldassario Magherini,40,30,30,22
13029,Ernst Mahoney,50,35,40,21
12767,Wei-quo Mak,50,35,40,23
12499,Martyn Manuel,55,45,25,24
15984,Alfredo Marin,45,45,40,19
7612,RYAN MARKS,40,60,25,34
11012,BRIAN MARSHALL,40,35,25,25
13516,Andres Martinez,50,35,40,22
10959,DANNY MARTINEZ,65,40,25,25
13749,Ivan Martinez,50,45,30,22
15125,Matt Martinez,45,30,45,19
15499,Pablo Mata,35,50,30,19
12446,OSCAR MATEO,45,30,30,23
13854,Simon Matthews,40,35,20,20
14198,Lenny McCaffrey,50,45,40,21
10392,Chris McChesney,40,20,40,26
10619,DUSTIN MCDONNELL,65,30,30,26
14554,Elliott McEwen,40,45,45,20
15832,Bill Means,30,45,50,18
13994,Juan Medellin,45,45,30,22
14493,Jerry Medina,45,45,30,20
14497,Lorenzo Mesquita,40,50,25,20
10639,ADAM MEYER,45,35,30,26
13434,Dan Meyers,40,35,30,23
16629,Jose Mier,50,30,35,18
16980,Cesar Mik,30,35,45,16
13662,Milutin Milankovic,40,30,50,22
14278,Hughie Miller,40,25,45,22
12004,Valter Mina,45,40,25,25
13699,Munehiro Miyazaki,35,30,50,23
14193,Roy Monck,50,40,40,21
15605,Bob Montiel,45,30,30,22
13451,David Morales,45,25,40,23
12960,GUGLIELMO MORRA,50,40,40,23
15947,Masaya Moutosa,45,40,35,19
13260,Geaney Munnelly,55,30,35,26
14382,Nobuyuki Nakagawa,40,30,35,21
16398,Etelson Nakamura,30,20,50,22
15032,Hiroshi Nakatsu,75,35,20,20
13862,Hani Nazim,50,25,50,21
13285,Adam Newton,55,30,45,23
13223,Rich Nicholls,55,40,45,26
12228,Robin Noble,60,30,35,25
14765,Daniel Nolasco,35,45,40,21
17029,Patrice Oger,40,60,30,16
15143,Jesus Olivas,50,40,35,21
14383,Anthony Oliver,45,25,45,21
16405,Hector Orozco,55,45,35,17
12858,Luigi Osborne,50,30,20,23
10989,KYLE PAINTER,50,25,50,25
13731,Leon Park,45,50,35,22
11655,KENNY PAYNE,50,30,40,24
16219,Bill Pearson,45,25,25,22
15110,Kennan Pepin,45,30,50,19
11518,CARLOS PEREZ,50,40,40,25
14077,Rio Phillips,35,60,40,22
14446,Ben Philpot,55,25,45,20
14406,Luciano Piontelli,45,45,35,24
16389,Mark Pippy,40,55,25,19
14585,Jordan Pond,45,30,35,20
14136,Arturo Posada,35,40,30,22
14100,Dave Power,45,40,35,22
13670,Jon Prévot,45,30,45,22
16212,Pedrag Pupovac,55,20,55,23
14693,Nasir al Din Qadir,45,30,30,21
14332,Ratko Radosavijevic,45,25,25,21
12722,Gus Ramirez,55,30,45,23
13685,Angelo Ramos,40,30,25,23
12256,MARK RAWSON,55,30,20,23
13277,Scott Reinhart,35,35,30,23
14153,Allvaro Remdio,40,40,40,22
14016,Sofian Renard,40,40,40,22
16304,Bill Render,45,30,45,18
14613,Alberto Reyes,40,35,55,21
14507,Edgar Reyes,45,30,45,20
16520,Miguel Reyes,45,25,30,23
13419,Eugenio Ribsi,50,40,40,23
12833,Kane Ridley,55,20,35,24
15803,Maimun Ridwan,35,45,25,22
17653,Josh Robinson,55,30,45,14
11316,Bobby Robledo,45,30,30,26
12970,BERT RODRIGUEZ,45,35,45,27
12365,DANNY RODRIGUEZ,40,30,25,23
15598,Jonathan Rodriguez,40,35,50,18
13304,Juan Rodriguez,55,35,20,22
14401,Manny Rodriguez,55,75,20,21
11653,ANTONIO RODRIQUEZ,45,35,50,23
12984,DESIDERIO ROMANELLI,55,45,20,22
15160,Jorge Romero,45,25,45,20
13073,Jose Rosiles,50,20,45,22
12473,Jose Ruiz,45,40,40,24
14946,Ernesto Sacco,45,50,40,21
11547,GIANLUIGI SANGUINACCO,50,45,25,28
10977,VAN SANKS,45,50,40,25
12422,ILIJA SESELY,45,40,35,23
16326,Hisamichi Shibuya,45,30,30,18
10984,MAYUMI SHIMOMURA,55,45,30,24
14622,Dong-choon Shin,50,25,20,21
16990,Kun-woo Shin,40,65,30,16
15441,Yeong-kil Shin,35,40,35,20
12733,Ostoja Skerlic,40,40,30,24
16458,Ebbe Slijkhuis,40,35,35,17
16279,Elmar Smit,50,25,20,16
13928,Keith Smith,45,25,35,25
14744,Slobodan Solevic,40,40,35,22
12971,JULIO SOLIS,40,50,35,23
16971,Alex Soto,50,20,70,15
12486,Jack Standen,45,25,40,24
17678,Doug Starkey,40,40,30,15
14580,Howard Strauss,20,40,30,19
12376,TAYLOR STUBBS,50,30,20,23
12560,Harrison Sturgess,45,30,20,24
17572,Gervasio Sudo,50,30,35,20
14365,Marços Sugimoto,40,35,30,21
14640,Roger Taggart,60,30,35,21
15749,Hidenori Taira,40,40,45,17
14084,Herman Takens,45,25,45,22
13130,Nobumasa Tanaka,45,25,55,24
13956,David Teslo,35,70,20,21
17608,Eric Thomas,40,30,40,15
12186,Danny Torres,60,25,45,24
13344,Jesus Torres,50,35,40,22
13386,Roberto Valverde,50,40,20,21
14710,Ken van Brakel,50,25,25,21
16525,Kasper van de Ven,30,35,20,17
13286,Jordan van den Berg,45,35,45,26
16274,Eddo van den Broek,40,50,25,17
11827,Sergej van Goor,45,45,35,25
16430,Luis Vasquez,45,40,30,17
15137,Mario Verhagen,45,25,20,20
12568,Este Verrochio,50,45,35,23
15060,Victor Vizcarrondo,35,65,45,19
15119,Momsilo Vukovic,50,35,40,19
16345,Alan Wakeham,50,45,35,17
13976,Kuranosuke Watanabe,60,40,20,21
12880,Cam Waterson,50,35,45,24
14563,Milton Watt,35,30,60,19
17673,Bill Webster,50,20,40,15
14185,Belchior Werneck,65,25,45,21
13448,Graciano Will,50,25,45,23
14970,Jeff Wood,35,30,55,19
15028,Shareef Ya'qub,55,35,40,20
13762,Naomichi Yamada,50,45,20,22
14319,Bruno Yamamoto,45,35,30,21
15648,Jung-hoon Yoo,45,70,30,22
17605,Min-soo Yoo,35,20,55,16
11918,Woo-jin Yoo,50,35,50,25
15829,Chris Young,45,65,20,17
15159,Nebosja Zecevic,35,45,40,20
13548,Slavko Zimojic,55,30,25,23
13400,Dae-je Choi,45,20,20,22
16396,Brenton Collier,45,30,20,20
12382,WILL MARBAN,55,20,20,24
